ts_code,detect_date,note
002552.SZ,20250410,gaps up
002913.SZ,20250410,gaps up
301148.SZ,20250410,gaps up
600483.SH,20250410,gaps up
000025.SZ,20250418,gaps up
600382.SH,20250507,gaps up
603588.SH,20250519,gaps up
002366.SZ,20250529,gaps up
300587.SZ,20250609,gaps up
605167.SH,20250616,gaps up
002430.SZ,20250704,gaps up
000506.SZ,20250708,gaps up
600392.SH,20250711,gaps up
000777.SZ,20250714,gaps up
000825.SZ,20250721,gaps up
601611.SH,20250721,gaps up
000922.SZ,20250722,gaps up
603169.SH,20250723,gaps up
002639.SZ,20250724,gaps up
605088.SH,20250728,gaps up
300584.SZ,20250805,gaps up
000688.SZ,20250811,gaps up
001203.SZ,20250811,gaps up
002340.SZ,20250811,gaps up
600338.SH,20250811,gaps up
600425.SH,20250811,gaps up
600444.SH,20250811,gaps up
600581.SH,20250812,gaps up
000792.SZ,20250818,gaps up
001360.SZ,20250818,gaps up
002466.SZ,20250818,gaps up
300814.SZ,20250818,gaps up
603132.SH,20250818,gaps up
605020.SH,20250818,gaps up
002645.SZ,20250819,gaps up
002576.SZ,20250820,gaps up
301282.SZ,20250820,gaps up
603657.SH,20250820,gaps up
002056.SZ,20250821,gaps up
002315.SZ,20250821,gaps up
002714.SZ,20250821,gaps up
300777.SZ,20250821,gaps up
600660.SH,20250821,gaps up
601319.SH,20250821,gaps up
605296.SH,20250821,gaps up
002080.SZ,20250822,gaps up
002177.SZ,20250822,gaps up
002212.SZ,20250822,gaps up
002838.SZ,20250822,gaps up
003023.SZ,20250822,gaps up
300113.SZ,20250822,gaps up
300314.SZ,20250822,gaps up
300324.SZ,20250822,gaps up
301035.SZ,20250822,gaps up
600031.SH,20250822,gaps up
600315.SH,20250822,gaps up
600475.SH,20250822,gaps up
600633.SH,20250822,gaps up
600728.SH,20250822,gaps up
603187.SH,20250822,gaps up
603227.SH,20250822,gaps up
603897.SH,20250822,gaps up
603966.SH,20250822,gaps up
605028.SH,20250822,gaps up
605255.SH,20250822,gaps up
605303.SH,20250822,gaps up
000070.SZ,20250825,gaps up
000157.SZ,20250825,gaps up
000426.SZ,20250825,gaps up
000586.SZ,20250825,gaps up
000630.SZ,20250825,gaps up
000779.SZ,20250825,gaps up
000791.SZ,20250825,gaps up
000837.SZ,20250825,gaps up
000933.SZ,20250825,gaps up
000960.SZ,20250825,gaps up
000975.SZ,20250825,gaps up
001267.SZ,20250825,gaps up
001339.SZ,20250825,gaps up
002057.SZ,20250825,gaps up
002080.SZ,20250825,gaps up
002091.SZ,20250825,gaps up
002190.SZ,20250825,gaps up
002272.SZ,20250825,gaps up
002290.SZ,20250825,gaps up
002378.SZ,20250825,gaps up
002402.SZ,20250825,gaps up
002491.SZ,20250825,gaps up
002527.SZ,20250825,gaps up
002571.SZ,20250825,gaps up
002580.SZ,20250825,gaps up
002611.SZ,20250825,gaps up
002706.SZ,20250825,gaps up
002716.SZ,20250825,gaps up
002767.SZ,20250825,gaps up
002821.SZ,20250825,gaps up
003015.SZ,20250825,gaps up
300003.SZ,20250825,gaps up
300066.SZ,20250825,gaps up
300083.SZ,20250825,gaps up
300233.SZ,20250825,gaps up
300265.SZ,20250825,gaps up
300329.SZ,20250825,gaps up
300353.SZ,20250825,gaps up
300416.SZ,20250825,gaps up
300420.SZ,20250825,gaps up
300687.SZ,20250825,gaps up
300697.SZ,20250825,gaps up
300715.SZ,20250825,gaps up
300738.SZ,20250825,gaps up
300753.SZ,20250825,gaps up
300857.SZ,20250825,gaps up
300863.SZ,20250825,gaps up
300947.SZ,20250825,gaps up
300953.SZ,20250825,gaps up
301082.SZ,20250825,gaps up
301322.SZ,20250825,gaps up
301377.SZ,20250825,gaps up
301396.SZ,20250825,gaps up
600058.SH,20250825,gaps up
600095.SH,20250825,gaps up
600105.SH,20250825,gaps up
600111.SH,20250825,gaps up
600120.SH,20250825,gaps up
600490.SH,20250825,gaps up
600531.SH,20250825,gaps up
600539.SH,20250825,gaps up
600547.SH,20250825,gaps up
600589.SH,20250825,gaps up
600666.SH,20250825,gaps up
600728.SH,20250825,gaps up
600797.SH,20250825,gaps up
600875.SH,20250825,gaps up
600885.SH,20250825,gaps up
600888.SH,20250825,gaps up
600961.SH,20250825,gaps up
600988.SH,20250825,gaps up
601059.SH,20250825,gaps up
601608.SH,20250825,gaps up
601789.SH,20250825,gaps up
601899.SH,20250825,gaps up
603031.SH,20250825,gaps up
603070.SH,20250825,gaps up
603081.SH,20250825,gaps up
603118.SH,20250825,gaps up
603119.SH,20250825,gaps up
603163.SH,20250825,gaps up
603228.SH,20250825,gaps up
603259.SH,20250825,gaps up
603267.SH,20250825,gaps up
603300.SH,20250825,gaps up
603379.SH,20250825,gaps up
603456.SH,20250825,gaps up
603716.SH,20250825,gaps up
603898.SH,20250825,gaps up
603958.SH,20250825,gaps up
603979.SH,20250825,gaps up
603989.SH,20250825,gaps up
603993.SH,20250825,gaps up
605303.SH,20250825,gaps up
000758.SZ,20250826,gaps up
000807.SZ,20250826,gaps up
001359.SZ,20250826,gaps up
002600.SZ,20250826,gaps up
002627.SZ,20250826,gaps up
002658.SZ,20250826,gaps up
002676.SZ,20250826,gaps up
002690.SZ,20250826,gaps up
002811.SZ,20250826,gaps up
300005.SZ,20250826,gaps up
300042.SZ,20250826,gaps up
300139.SZ,20250826,gaps up
300206.SZ,20250826,gaps up
300286.SZ,20250826,gaps up
300605.SZ,20250826,gaps up
300971.SZ,20250826,gaps up
301603.SZ,20250826,gaps up
301607.SZ,20250826,gaps up
600113.SH,20250826,gaps up
600262.SH,20250826,gaps up
600389.SH,20250826,gaps up
600526.SH,20250826,gaps up
600558.SH,20250826,gaps up
600704.SH,20250826,gaps up
600761.SH,20250826,gaps up
603057.SH,20250826,gaps up
603201.SH,20250826,gaps up
603815.SH,20250826,gaps up
603929.SH,20250826,gaps up
603987.SH,20250826,gaps up
000590.SZ,20250827,gaps up
001216.SZ,20250827,gaps up
002048.SZ,20250827,gaps up
002082.SZ,20250827,gaps up
002261.SZ,20250827,gaps up
002487.SZ,20250827,gaps up
002950.SZ,20250827,gaps up
300073.SZ,20250827,gaps up
300143.SZ,20250827,gaps up
300150.SZ,20250827,gaps up
300244.SZ,20250827,gaps up
300428.SZ,20250827,gaps up
300496.SZ,20250827,gaps up
301330.SZ,20250827,gaps up
600284.SH,20250827,gaps up
601033.SH,20250827,gaps up
603181.SH,20250827,gaps up
603360.SH,20250827,gaps up
603798.SH,20250827,gaps up
603859.SH,20250827,gaps up
603950.SH,20250827,gaps up
002250.SZ,20250828,gaps up
300435.SZ,20250828,gaps up
301183.SZ,20250828,gaps up
600211.SH,20250828,gaps up
601877.SH,20250828,gaps up
603893.SH,20250828,gaps up
605188.SH,20250828,gaps up
000603.SZ,20250829,gaps up
000737.SZ,20250829,gaps up
000831.SZ,20250829,gaps up
000892.SZ,20250829,gaps up
000920.SZ,20250829,gaps up
000962.SZ,20250829,gaps up
001222.SZ,20250829,gaps up
002115.SZ,20250829,gaps up
002195.SZ,20250829,gaps up
002244.SZ,20250829,gaps up
002384.SZ,20250829,gaps up
002484.SZ,20250829,gaps up
002564.SZ,20250829,gaps up
002669.SZ,20250829,gaps up
002837.SZ,20250829,gaps up
002926.SZ,20250829,gaps up
002957.SZ,20250829,gaps up
300007.SZ,20250829,gaps up
300043.SZ,20250829,gaps up
300132.SZ,20250829,gaps up
300450.SZ,20250829,gaps up
300701.SZ,20250829,gaps up
300709.SZ,20250829,gaps up
300797.SZ,20250829,gaps up
300852.SZ,20250829,gaps up
300955.SZ,20250829,gaps up
300972.SZ,20250829,gaps up
300973.SZ,20250829,gaps up
300988.SZ,20250829,gaps up
300990.SZ,20250829,gaps up
301021.SZ,20250829,gaps up
301065.SZ,20250829,gaps up
301150.SZ,20250829,gaps up
301177.SZ,20250829,gaps up
301178.SZ,20250829,gaps up
301186.SZ,20250829,gaps up
301196.SZ,20250829,gaps up
301257.SZ,20250829,gaps up
301365.SZ,20250829,gaps up
301389.SZ,20250829,gaps up
301448.SZ,20250829,gaps up
301488.SZ,20250829,gaps up
600114.SH,20250829,gaps up
600156.SH,20250829,gaps up
600160.SH,20250829,gaps up
600176.SH,20250829,gaps up
600230.SH,20250829,gaps up
600287.SH,20250829,gaps up
600362.SH,20250829,gaps up
600435.SH,20250829,gaps up
600489.SH,20250829,gaps up
600651.SH,20250829,gaps up
600711.SH,20250829,gaps up
600928.SH,20250829,gaps up
601319.SH,20250829,gaps up
601336.SH,20250829,gaps up
601601.SH,20250829,gaps up
601717.SH,20250829,gaps up
601869.SH,20250829,gaps up
601991.SH,20250829,gaps up
603020.SH,20250829,gaps up
603068.SH,20250829,gaps up
603087.SH,20250829,gaps up
603177.SH,20250829,gaps up
603217.SH,20250829,gaps up
603269.SH,20250829,gaps up
603610.SH,20250829,gaps up
603948.SH,20250829,gaps up
603966.SH,20250829,gaps up
605006.SH,20250829,gaps up
605255.SH,20250829,gaps up
605288.SH,20250829,gaps up
000426.SZ,20250901,gaps up
000603.SZ,20250901,gaps up
000988.SZ,20250901,gaps up
001337.SZ,20250901,gaps up
002028.SZ,20250901,gaps up
002074.SZ,20250901,gaps up
002237.SZ,20250901,gaps up
002266.SZ,20250901,gaps up
002281.SZ,20250901,gaps up
002315.SZ,20250901,gaps up
002484.SZ,20250901,gaps up
002763.SZ,20250901,gaps up
002989.SZ,20250901,gaps up
300139.SZ,20250901,gaps up
300213.SZ,20250901,gaps up
300249.SZ,20250901,gaps up
300324.SZ,20250901,gaps up
300353.SZ,20250901,gaps up
300450.SZ,20250901,gaps up
300458.SZ,20250901,gaps up
300468.SZ,20250901,gaps up
300475.SZ,20250901,gaps up
300593.SZ,20250901,gaps up
300682.SZ,20250901,gaps up
300731.SZ,20250901,gaps up
300950.SZ,20250901,gaps up
301031.SZ,20250901,gaps up
301193.SZ,20250901,gaps up
600063.SH,20250901,gaps up
600089.SH,20250901,gaps up
600226.SH,20250901,gaps up
600319.SH,20250901,gaps up
600353.SH,20250901,gaps up
600489.SH,20250901,gaps up
600673.SH,20250901,gaps up
600711.SH,20250901,gaps up
600797.SH,20250901,gaps up
600988.SH,20250901,gaps up
601116.SH,20250901,gaps up
601696.SH,20250901,gaps up
601929.SH,20250901,gaps up
603115.SH,20250901,gaps up
603177.SH,20250901,gaps up
603203.SH,20250901,gaps up
603289.SH,20250901,gaps up
603316.SH,20250901,gaps up
603565.SH,20250901,gaps up
603590.SH,20250901,gaps up
603936.SH,20250901,gaps up
603948.SH,20250901,gaps up
603949.SH,20250901,gaps up
605118.SH,20250901,gaps up
605133.SH,20250901,gaps up
605138.SH,20250901,gaps up
605298.SH,20250901,gaps up
002248.SZ,20250902,gaps up
002532.SZ,20250902,gaps up
002716.SZ,20250902,gaps up
002846.SZ,20250902,gaps up
300690.SZ,20250902,gaps up
300971.SZ,20250902,gaps up
301310.SZ,20250902,gaps up
600021.SH,20250902,gaps up
600531.SH,20250902,gaps up
600737.SH,20250902,gaps up
601022.SH,20250902,gaps up
601212.SH,20250902,gaps up
601958.SH,20250902,gaps up
603032.SH,20250902,gaps up
603200.SH,20250902,gaps up
603500.SH,20250902,gaps up
603881.SH,20250902,gaps up
605288.SH,20250902,gaps up
002975.SZ,20250903,gaps up
300092.SZ,20250903,gaps up
601069.SH,20250903,gaps up
605255.SH,20250903,gaps up
601678.SH,20250905,gaps up
000655.SZ,20250908,gaps up
000881.SZ,20250908,gaps up
002171.SZ,20250908,gaps up
002460.SZ,20250908,gaps up
002901.SZ,20250908,gaps up
002978.SZ,20250908,gaps up
300082.SZ,20250908,gaps up
300611.SZ,20250908,gaps up
301150.SZ,20250908,gaps up
301225.SZ,20250908,gaps up
601677.SH,20250908,gaps up
000757.SZ,20250909,gaps up
600988.SH,20250909,gaps up
000988.SZ,20250911,gaps up
002080.SZ,20250911,gaps up
002313.SZ,20250911,gaps up
002384.SZ,20250911,gaps up
002463.SZ,20250911,gaps up
002516.SZ,20250911,gaps up
003022.SZ,20250911,gaps up
300153.SZ,20250911,gaps up
300308.SZ,20250911,gaps up
300395.SZ,20250911,gaps up
301248.SZ,20250911,gaps up
301397.SZ,20250911,gaps up
601116.SH,20250911,gaps up
601138.SH,20250911,gaps up
603151.SH,20250911,gaps up
603256.SH,20250911,gaps up
605069.SH,20250911,gaps up
000032.SZ,20250912,gaps up
000070.SZ,20250912,gaps up
000592.SZ,20250912,gaps up
000603.SZ,20250912,gaps up
000612.SZ,20250912,gaps up
000737.SZ,20250912,gaps up
000807.SZ,20250912,gaps up
000878.SZ,20250912,gaps up
000880.SZ,20250912,gaps up
000933.SZ,20250912,gaps up
001202.SZ,20250912,gaps up
001309.SZ,20250912,gaps up
002062.SZ,20250912,gaps up
002335.SZ,20250912,gaps up
002379.SZ,20250912,gaps up
002436.SZ,20250912,gaps up
002491.SZ,20250912,gaps up
002515.SZ,20250912,gaps up
002527.SZ,20250912,gaps up
002532.SZ,20250912,gaps up
002578.SZ,20250912,gaps up
002642.SZ,20250912,gaps up
002772.SZ,20250912,gaps up
002798.SZ,20250912,gaps up
002863.SZ,20250912,gaps up
002905.SZ,20250912,gaps up
002968.SZ,20250912,gaps up
300244.SZ,20250912,gaps up
300252.SZ,20250912,gaps up
300324.SZ,20250912,gaps up
300373.SZ,20250912,gaps up
300670.SZ,20250912,gaps up
300697.SZ,20250912,gaps up
300738.SZ,20250912,gaps up
300852.SZ,20250912,gaps up
300895.SZ,20250912,gaps up
301002.SZ,20250912,gaps up
301308.SZ,20250912,gaps up
600067.SH,20250912,gaps up
600106.SH,20250912,gaps up
600172.SH,20250912,gaps up
600353.SH,20250912,gaps up
600362.SH,20250912,gaps up
600521.SH,20250912,gaps up
600595.SH,20250912,gaps up
600601.SH,20250912,gaps up
600629.SH,20250912,gaps up
600633.SH,20250912,gaps up
600651.SH,20250912,gaps up
600704.SH,20250912,gaps up
600846.SH,20250912,gaps up
601168.SH,20250912,gaps up
601208.SH,20250912,gaps up
601518.SH,20250912,gaps up
601619.SH,20250912,gaps up
603083.SH,20250912,gaps up
603161.SH,20250912,gaps up
603203.SH,20250912,gaps up
603228.SH,20250912,gaps up
603359.SH,20250912,gaps up
603516.SH,20250912,gaps up
603698.SH,20250912,gaps up
603881.SH,20250912,gaps up
603888.SH,20250912,gaps up
603979.SH,20250912,gaps up
603986.SH,20250912,gaps up
603993.SH,20250912,gaps up
605289.SH,20250912,gaps up
000737.SZ,20250915,gaps up
001309.SZ,20250915,gaps up
002330.SZ,20250915,gaps up
002392.SZ,20250915,gaps up
002471.SZ,20250915,gaps up
002703.SZ,20250915,gaps up
300750.SZ,20250915,gaps up
300813.SZ,20250915,gaps up
301099.SZ,20250915,gaps up
600531.SH,20250915,gaps up
600601.SH,20250915,gaps up
600977.SH,20250915,gaps up
603050.SH,20250915,gaps up
603127.SH,20250915,gaps up
605319.SH,20250915,gaps up
000428.SZ,20250916,gaps up
000700.SZ,20250916,gaps up
000967.SZ,20250916,gaps up
001230.SZ,20250916,gaps up
002172.SZ,20250916,gaps up
002183.SZ,20250916,gaps up
002279.SZ,20250916,gaps up
002310.SZ,20250916,gaps up
300013.SZ,20250916,gaps up
300043.SZ,20250916,gaps up
300299.SZ,20250916,gaps up
300815.SZ,20250916,gaps up
300953.SZ,20250916,gaps up
301419.SZ,20250916,gaps up
301607.SZ,20250916,gaps up
600054.SH,20250916,gaps up
600173.SH,20250916,gaps up
600629.SH,20250916,gaps up
603083.SH,20250916,gaps up
603199.SH,20250916,gaps up
603266.SH,20250916,gaps up
603528.SH,20250916,gaps up
603617.SH,20250916,gaps up
603655.SH,20250916,gaps up
603959.SH,20250916,gaps up
605303.SH,20250916,gaps up
002126.SZ,20250917,gaps up
002222.SZ,20250917,gaps up
002249.SZ,20250917,gaps up
002338.SZ,20250917,gaps up
002472.SZ,20250917,gaps up
002549.SZ,20250917,gaps up
002562.SZ,20250917,gaps up
002611.SZ,20250917,gaps up
002617.SZ,20250917,gaps up
002796.SZ,20250917,gaps up
300007.SZ,20250917,gaps up
300115.SZ,20250917,gaps up
300260.SZ,20250917,gaps up
300469.SZ,20250917,gaps up
300809.SZ,20250917,gaps up
301002.SZ,20250917,gaps up
301008.SZ,20250917,gaps up
301100.SZ,20250917,gaps up
301287.SZ,20250917,gaps up
301392.SZ,20250917,gaps up
301499.SZ,20250917,gaps up
600410.SH,20250917,gaps up
600895.SH,20250917,gaps up
603275.SH,20250917,gaps up
603286.SH,20250917,gaps up
603308.SH,20250917,gaps up
603809.SH,20250917,gaps up
603906.SH,20250917,gaps up
605299.SH,20250917,gaps up
605588.SH,20250917,gaps up
000559.SZ,20250918,gaps up
002050.SZ,20250918,gaps up
002067.SZ,20250918,gaps up
301013.SZ,20250918,gaps up
301421.SZ,20250918,gaps up
600376.SH,20250918,gaps up
600699.SH,20250918,gaps up
603626.SH,20250918,gaps up
603988.SH,20250918,gaps up
001234.SZ,20250919,gaps up
002272.SZ,20250919,gaps up
002402.SZ,20250919,gaps up
002468.SZ,20250919,gaps up
002674.SZ,20250919,gaps up
600498.SH,20250919,gaps up
600706.SH,20250919,gaps up
601869.SH,20250919,gaps up
603519.SH,20250919,gaps up
603618.SH,20250919,gaps up
603686.SH,20250919,gaps up
605255.SH,20250919,gaps up
001337.SZ,20250922,gaps up
002222.SZ,20250922,gaps up
002246.SZ,20250922,gaps up
002543.SZ,20250922,gaps up
002549.SZ,20250922,gaps up
002716.SZ,20250922,gaps up
300501.SZ,20250922,gaps up
300657.SZ,20250922,gaps up
300846.SZ,20250922,gaps up
300867.SZ,20250922,gaps up
600489.SH,20250922,gaps up
600509.SH,20250922,gaps up
600857.SH,20250922,gaps up
601069.SH,20250922,gaps up
603618.SH,20250922,gaps up
603686.SH,20250922,gaps up
603798.SH,20250922,gaps up
000975.SZ,20250923,gaps up
002249.SZ,20250923,gaps up
002402.SZ,20250923,gaps up
002515.SZ,20250923,gaps up
002706.SZ,20250923,gaps up
300001.SZ,20250923,gaps up
300250.SZ,20250923,gaps up
300969.SZ,20250923,gaps up
301086.SZ,20250923,gaps up
301095.SZ,20250923,gaps up
301217.SZ,20250923,gaps up
600105.SH,20250923,gaps up
600416.SH,20250923,gaps up
600797.SH,20250923,gaps up
603061.SH,20250923,gaps up
605255.SH,20250923,gaps up
000685.SZ,20250924,gaps up
001208.SZ,20250924,gaps up
001230.SZ,20250924,gaps up
002040.SZ,20250924,gaps up
002060.SZ,20250924,gaps up
002207.SZ,20250924,gaps up
300164.SZ,20250924,gaps up
300483.SZ,20250924,gaps up
300604.SZ,20250924,gaps up
300666.SZ,20250924,gaps up
600167.SH,20250924,gaps up
600635.SH,20250924,gaps up
600895.SH,20250924,gaps up
603087.SH,20250924,gaps up
605338.SH,20250924,gaps up
000060.SZ,20250925,gaps up
000571.SZ,20250925,gaps up
000630.SZ,20250925,gaps up
000737.SZ,20250925,gaps up
000969.SZ,20250925,gaps up
000977.SZ,20250925,gaps up
000988.SZ,20250925,gaps up
002029.SZ,20250925,gaps up
002153.SZ,20250925,gaps up
002195.SZ,20250925,gaps up
002255.SZ,20250925,gaps up
002294.SZ,20250925,gaps up
002298.SZ,20250925,gaps up
002326.SZ,20250925,gaps up
002453.SZ,20250925,gaps up
002471.SZ,20250925,gaps up
002922.SZ,20250925,gaps up
300111.SZ,20250925,gaps up
300339.SZ,20250925,gaps up
300354.SZ,20250925,gaps up
300442.SZ,20250925,gaps up
300571.SZ,20250925,gaps up
300617.SZ,20250925,gaps up
300697.SZ,20250925,gaps up
300926.SZ,20250925,gaps up
300963.SZ,20250925,gaps up
301137.SZ,20250925,gaps up
301189.SZ,20250925,gaps up
301191.SZ,20250925,gaps up
301199.SZ,20250925,gaps up
301202.SZ,20250925,gaps up
301235.SZ,20250925,gaps up
301289.SZ,20250925,gaps up
301500.SZ,20250925,gaps up
600063.SH,20250925,gaps up
600276.SH,20250925,gaps up
600353.SH,20250925,gaps up
600363.SH,20250925,gaps up
600468.SH,20250925,gaps up
601609.SH,20250925,gaps up
603011.SH,20250925,gaps up
603081.SH,20250925,gaps up
603090.SH,20250925,gaps up
603118.SH,20250925,gaps up
603150.SH,20250925,gaps up
603527.SH,20250925,gaps up
603823.SH,20250925,gaps up
603979.SH,20250925,gaps up
603993.SH,20250925,gaps up
605189.SH,20250925,gaps up
605277.SH,20250925,gaps up
000987.SZ,20250926,gaps up
002049.SZ,20250926,gaps up
002295.SZ,20250926,gaps up
002510.SZ,20250926,gaps up
002803.SZ,20250926,gaps up
600025.SH,20250926,gaps up
600403.SH,20250926,gaps up
600459.SH,20250926,gaps up
600769.SH,20250926,gaps up
601619.SH,20250926,gaps up
603083.SH,20250926,gaps up
603156.SH,20250926,gaps up
603313.SH,20250926,gaps up
000973.SZ,20250929,gaps up
001209.SZ,20250929,gaps up
001258.SZ,20250929,gaps up
002011.SZ,20250929,gaps up
002073.SZ,20250929,gaps up
002132.SZ,20250929,gaps up
002140.SZ,20250929,gaps up
002895.SZ,20250929,gaps up
002925.SZ,20250929,gaps up
002941.SZ,20250929,gaps up
300904.SZ,20250929,gaps up
301099.SZ,20250929,gaps up
301290.SZ,20250929,gaps up
600367.SH,20250929,gaps up
600810.SH,20250929,gaps up
601218.SH,20250929,gaps up
000408.SZ,20250930,gaps up
000426.SZ,20250930,gaps up
000603.SZ,20250930,gaps up
000878.SZ,20250930,gaps up
000923.SZ,20250930,gaps up
000960.SZ,20250930,gaps up
001309.SZ,20250930,gaps up
002125.SZ,20250930,gaps up
002155.SZ,20250930,gaps up
002407.SZ,20250930,gaps up
002513.SZ,20250930,gaps up
002527.SZ,20250930,gaps up
002759.SZ,20250930,gaps up
300475.SZ,20250930,gaps up
300948.SZ,20250930,gaps up
301209.SZ,20250930,gaps up
301308.SZ,20250930,gaps up
301366.SZ,20250930,gaps up
301518.SZ,20250930,gaps up
600096.SH,20250930,gaps up
600362.SH,20250930,gaps up
600456.SH,20250930,gaps up
600490.SH,20250930,gaps up
600629.SH,20250930,gaps up
600711.SH,20250930,gaps up
600728.SH,20250930,gaps up
601061.SH,20250930,gaps up
601127.SH,20250930,gaps up
601168.SH,20250930,gaps up
601899.SH,20250930,gaps up
603026.SH,20250930,gaps up
603799.SH,20250930,gaps up
605376.SH,20250930,gaps up
000506.SZ,20251009,gaps up
000923.SZ,20251009,gaps up
002895.SZ,20251009,gaps up
300584.SZ,20251009,gaps up
300611.SZ,20251009,gaps up
600888.SH,20251009,gaps up
601061.SH,20251009,gaps up
603132.SH,20251009,gaps up
000726.SZ,20251015,gaps up
300904.SZ,20251022,gaps up
000792.SZ,20251024,gaps up
000737.SZ,20251027,gaps up
000582.SZ,20251104,gaps up
000722.SZ,20251104,gaps up
000777.SZ,20251104,gaps up
002134.SZ,20251104,gaps up
002181.SZ,20251104,gaps up
002555.SZ,20251104,gaps up
002885.SZ,20251104,gaps up
002911.SZ,20251104,gaps up
003011.SZ,20251104,gaps up
300402.SZ,20251104,gaps up
600249.SH,20251104,gaps up
600308.SH,20251104,gaps up
600977.SH,20251104,gaps up
601890.SH,20251104,gaps up
603169.SH,20251104,gaps up
603312.SH,20251104,gaps up
603823.SH,20251104,gaps up
000572.SZ,20251105,gaps up
000592.SZ,20251105,gaps up
603616.SH,20251105,gaps up
000533.SZ,20251106,gaps up
000720.SZ,20251106,gaps up
000809.SZ,20251106,gaps up
002300.SZ,20251106,gaps up
002310.SZ,20251106,gaps up
002562.SZ,20251106,gaps up
002782.SZ,20251106,gaps up
300062.SZ,20251106,gaps up
300109.SZ,20251106,gaps up
300511.SZ,20251106,gaps up
301548.SZ,20251106,gaps up
600089.SH,20251106,gaps up
600522.SH,20251106,gaps up
601877.SH,20251106,gaps up
603105.SH,20251106,gaps up
603530.SH,20251106,gaps up
603929.SH,20251106,gaps up
605060.SH,20251106,gaps up
605123.SH,20251106,gaps up
000514.SZ,20251107,gaps up
000534.SZ,20251107,gaps up
001309.SZ,20251107,gaps up
002170.SZ,20251107,gaps up
002176.SZ,20251107,gaps up
002186.SZ,20251107,gaps up
002196.SZ,20251107,gaps up
002255.SZ,20251107,gaps up
002518.SZ,20251107,gaps up
002709.SZ,20251107,gaps up
600506.SH,20251107,gaps up
600691.SH,20251107,gaps up
603516.SH,20251107,gaps up
603978.SH,20251107,gaps up
000703.SZ,20251110,gaps up
000756.SZ,20251110,gaps up
000830.SZ,20251110,gaps up
001209.SZ,20251110,gaps up
002038.SZ,20251110,gaps up
002091.SZ,20251110,gaps up
002413.SZ,20251110,gaps up
002658.SZ,20251110,gaps up
002731.SZ,20251110,gaps up
002950.SZ,20251110,gaps up
300072.SZ,20251110,gaps up
300437.SZ,20251110,gaps up
300635.SZ,20251110,gaps up
600078.SH,20251110,gaps up
600096.SH,20251110,gaps up
600426.SH,20251110,gaps up
600537.SH,20251110,gaps up
600645.SH,20251110,gaps up
600726.SH,20251110,gaps up
600875.SH,20251110,gaps up
600939.SH,20251110,gaps up
601969.SH,20251110,gaps up
603612.SH,20251110,gaps up
603663.SH,20251110,gaps up
605598.SH,20251110,gaps up
000935.SZ,20251111,gaps up
002339.SZ,20251111,gaps up
300066.SZ,20251111,gaps up
300069.SZ,20251111,gaps up
300263.SZ,20251111,gaps up
300959.SZ,20251111,gaps up
300997.SZ,20251111,gaps up
301626.SZ,20251111,gaps up
600067.SH,20251111,gaps up
600094.SH,20251111,gaps up
600103.SH,20251111,gaps up
600206.SH,20251111,gaps up
600702.SH,20251111,gaps up
600810.SH,20251111,gaps up
603212.SH,20251111,gaps up
603396.SH,20251111,gaps up
603938.SH,20251111,gaps up
605337.SH,20251111,gaps up
000061.SZ,20251112,gaps up
002053.SZ,20251112,gaps up
002218.SZ,20251112,gaps up
002374.SZ,20251112,gaps up
002907.SZ,20251112,gaps up
300164.SZ,20251112,gaps up
300191.SZ,20251112,gaps up
300289.SZ,20251112,gaps up
300388.SZ,20251112,gaps up
300753.SZ,20251112,gaps up
300858.SZ,20251112,gaps up
301305.SZ,20251112,gaps up
600737.SH,20251112,gaps up
603758.SH,20251112,gaps up
000973.SZ,20251113,gaps up
001298.SZ,20251113,gaps up
002250.SZ,20251113,gaps up
002309.SZ,20251113,gaps up
002326.SZ,20251113,gaps up
002451.SZ,20251113,gaps up
300037.SZ,20251113,gaps up
300350.SZ,20251113,gaps up
300937.SZ,20251113,gaps up
301118.SZ,20251113,gaps up
301193.SZ,20251113,gaps up
301238.SZ,20251113,gaps up
600429.SH,20251113,gaps up
603655.SH,20251113,gaps up
603867.SH,20251113,gaps up
603948.SH,20251113,gaps up
000407.SZ,20251114,gaps up
000632.SZ,20251114,gaps up
000633.SZ,20251114,gaps up
000692.SZ,20251114,gaps up
000955.SZ,20251114,gaps up
001203.SZ,20251114,gaps up
001266.SZ,20251114,gaps up
002083.SZ,20251114,gaps up
002780.SZ,20251114,gaps up
002805.SZ,20251114,gaps up
002893.SZ,20251114,gaps up
300483.SZ,20251114,gaps up
300497.SZ,20251114,gaps up
300867.SZ,20251114,gaps up
301019.SZ,20251114,gaps up
600152.SH,20251114,gaps up
600167.SH,20251114,gaps up
600408.SH,20251114,gaps up
600829.SH,20251114,gaps up
600903.SH,20251114,gaps up
603778.SH,20251114,gaps up
002020.SZ,20251117,gaps up
300095.SZ,20251117,gaps up
300589.SZ,20251117,gaps up
300875.SZ,20251117,gaps up
301150.SZ,20251117,gaps up
600097.SH,20251117,gaps up
600467.SH,20251117,gaps up
600698.SH,20251117,gaps up
600829.SH,20251117,gaps up
603668.SH,20251117,gaps up
603817.SH,20251117,gaps up
000407.SZ,20251118,gaps up
002404.SZ,20251118,gaps up
002682.SZ,20251118,gaps up
002715.SZ,20251118,gaps up
301201.SZ,20251118,gaps up
301566.SZ,20251118,gaps up
600577.SH,20251118,gaps up
000547.SZ,20251119,gaps up
001216.SZ,20251119,gaps up
300452.SZ,20251119,gaps up
301233.SZ,20251119,gaps up
000065.SZ,20251120,gaps up
600601.SH,20251120,gaps up
603002.SH,20251120,gaps up
605399.SH,20251120,gaps up
000798.SZ,20251124,gaps up
605136.SH,20251125,gaps up
000566.SZ,20251126,gaps up
002413.SZ,20251126,gaps up
300902.SZ,20251127,gaps up
603353.SH,20251128,gaps up
000878.SZ,20251201,gaps up
000975.SZ,20251201,gaps up
001318.SZ,20251201,gaps up
002157.SZ,20251201,gaps up
002166.SZ,20251201,gaps up
002233.SZ,20251201,gaps up
002277.SZ,20251201,gaps up
002297.SZ,20251201,gaps up
002544.SZ,20251201,gaps up
002625.SZ,20251201,gaps up
002695.SZ,20251201,gaps up
002716.SZ,20251201,gaps up
002839.SZ,20251201,gaps up
300102.SZ,20251201,gaps up
300952.SZ,20251201,gaps up
301109.SZ,20251201,gaps up
600362.SH,20251201,gaps up
600879.SH,20251201,gaps up
601212.SH,20251201,gaps up
601369.SH,20251201,gaps up
601717.SH,20251201,gaps up
603682.SH,20251201,gaps up
603758.SH,20251201,gaps up
603967.SH,20251201,gaps up
000703.SZ,20251202,gaps up
002983.SZ,20251202,gaps up
300903.SZ,20251202,gaps up
300913.SZ,20251202,gaps up
601188.SH,20251202,gaps up
000735.SZ,20251203,gaps up
002353.SZ,20251203,gaps up
002444.SZ,20251203,gaps up
300269.SZ,20251203,gaps up
300596.SZ,20251203,gaps up
300819.SZ,20251203,gaps up
300889.SZ,20251203,gaps up
301148.SZ,20251203,gaps up
600829.SH,20251203,gaps up
000078.SZ,20251204,gaps up
000630.SZ,20251204,gaps up
000692.SZ,20251204,gaps up
000838.SZ,20251204,gaps up
000923.SZ,20251204,gaps up
001211.SZ,20251204,gaps up
002107.SZ,20251204,gaps up
002300.SZ,20251204,gaps up
600467.SH,20251204,gaps up
601168.SH,20251204,gaps up
603696.SH,20251204,gaps up
603979.SH,20251204,gaps up
002682.SZ,20251205,gaps up
600151.SH,20251205,gaps up
601399.SH,20251205,gaps up
001219.SZ,20250624,gaps up
002889.SZ,20250630,gaps up
000900.SZ,20250701,gaps up
002001.SZ,20250702,gaps up
600583.SH,20250702,gaps up
300883.SZ,20250708,gaps up
301006.SZ,20250709,gaps up
603700.SH,20250709,gaps up
600323.SH,20250715,gaps up
603661.SH,20250716,gaps up
601225.SH,20250718,gaps up
601898.SH,20250718,gaps up
002523.SZ,20250721,gaps up
600019.SH,20250721,gaps up
600039.SH,20250721,gaps up
600352.SH,20250721,gaps up
601700.SH,20250721,gaps up
603315.SH,20250721,gaps up
603387.SH,20250721,gaps up
603568.SH,20250721,gaps up
600380.SH,20250722,gaps up
600115.SH,20250723,gaps up
601021.SH,20250723,gaps up
601111.SH,20250723,gaps up
000683.SZ,20250725,gaps up
002142.SZ,20250725,gaps up
300112.SZ,20250728,gaps up
000915.SZ,20250804,gaps up
300615.SZ,20250805,gaps up
301106.SZ,20250805,gaps up
000902.SZ,20250806,gaps up
002377.SZ,20250807,gaps up
002972.SZ,20250811,gaps up
300352.SZ,20250814,gaps up
603273.SH,20250814,gaps up
600298.SH,20250815,gaps up
300845.SZ,20250818,gaps up
600795.SH,20250819,gaps up
300259.SZ,20250822,gaps up
603187.SH,20250822,gaps up
300329.SZ,20250825,gaps up
300375.SZ,20250825,gaps up
601888.SH,20250825,gaps up
002831.SZ,20250827,gaps up
002270.SZ,20250829,gaps up
300132.SZ,20250829,gaps up
300988.SZ,20250829,gaps up
600690.SH,20250829,gaps up
603610.SH,20250829,gaps up
002763.SZ,20250901,gaps up
301539.SZ,20250908,gaps up
600594.SH,20250908,gaps up
002330.SZ,20250915,gaps up
300750.SZ,20250915,gaps up
601088.SH,20250916,gaps up
600060.SH,20250925,gaps up
002204.SZ,20250930,gaps up
000597.SZ,20251009,gaps up
301167.SZ,20251009,gaps up
600075.SH,20251009,gaps up
600483.SH,20251009,gaps up
601061.SH,20251009,gaps up
601600.SH,20251009,gaps up
601678.SH,20251009,gaps up
300512.SZ,20251010,gaps up
600066.SH,20251010,gaps up
601611.SH,20251010,gaps up
000157.SZ,20251014,gaps up
002884.SZ,20251014,gaps up
601319.SH,20251014,gaps up
601919.SH,20251014,gaps up
000726.SZ,20251015,gaps up
601628.SH,20251016,gaps up
000766.SZ,20251017,gaps up
001228.SZ,20251020,gaps up
002829.SZ,20251020,gaps up
000850.SZ,20251021,gaps up
300834.SZ,20251021,gaps up
000637.SZ,20251022,gaps up
000928.SZ,20251022,gaps up
002588.SZ,20251022,gaps up
300557.SZ,20251022,gaps up
600185.SH,20251022,gaps up
600871.SH,20251022,gaps up
000852.SZ,20251023,gaps up
002243.SZ,20251023,gaps up
002337.SZ,20251023,gaps up
600938.SH,20251023,gaps up
601857.SH,20251023,gaps up
001218.SZ,20251024,gaps up
002151.SZ,20251024,gaps up
002454.SZ,20251024,gaps up
300739.SZ,20251024,gaps up
600710.SH,20251024,gaps up
603160.SH,20251024,gaps up
603856.SH,20251024,gaps up
000543.SZ,20251027,gaps up
002378.SZ,20251027,gaps up
002690.SZ,20251027,gaps up
300054.SZ,20251027,gaps up
301097.SZ,20251027,gaps up
301287.SZ,20251027,gaps up
600801.SH,20251027,gaps up
600805.SH,20251027,gaps up
000421.SZ,20251028,gaps up
300219.SZ,20251028,gaps up
300771.SZ,20251028,gaps up
301170.SZ,20251028,gaps up
301223.SZ,20251028,gaps up
600029.SH,20251028,gaps up
600195.SH,20251028,gaps up
600269.SH,20251028,gaps up
600346.SH,20251028,gaps up
600361.SH,20251028,gaps up
001288.SZ,20251029,gaps up
002004.SZ,20251029,gaps up
002552.SZ,20251029,gaps up
300140.SZ,20251029,gaps up
300283.SZ,20251029,gaps up
300415.SZ,20251029,gaps up
300573.SZ,20251029,gaps up
600011.SH,20251029,gaps up
600572.SH,20251029,gaps up
601318.SH,20251029,gaps up
603739.SH,20251029,gaps up
002314.SZ,20251030,gaps up
301279.SZ,20251030,gaps up
600295.SH,20251030,gaps up
600300.SH,20251030,gaps up
600507.SH,20251030,gaps up
600575.SH,20251030,gaps up
600989.SH,20251030,gaps up
601808.SH,20251030,gaps up
603997.SH,20251030,gaps up
605305.SH,20251030,gaps up
002489.SZ,20251031,gaps up
600166.SH,20251031,gaps up
600329.SH,20251031,gaps up
603190.SH,20251031,gaps up
003008.SZ,20251103,gaps up
600444.SH,20251103,gaps up
605155.SH,20251103,gaps up
300402.SZ,20251104,gaps up
000338.SZ,20251106,gaps up
000809.SZ,20251106,gaps up
001286.SZ,20251106,gaps up
300775.SZ,20251106,gaps up
600089.SH,20251106,gaps up
002170.SZ,20251107,gaps up
000830.SZ,20251110,gaps up
001209.SZ,20251110,gaps up
002091.SZ,20251110,gaps up
603663.SH,20251110,gaps up
301305.SZ,20251112,gaps up
600113.SH,20251112,gaps up
300350.SZ,20251113,gaps up
001217.SZ,20251125,gaps up
600288.SH,20251125,gaps up
600489.SH,20251125,gaps up
605005.SH,20251125,gaps up
000612.SZ,20251201,gaps up
000672.SZ,20251201,gaps up
000708.SZ,20251201,gaps up
002159.SZ,20251201,gaps up
300929.SZ,20251201,gaps up
600497.SH,20251201,gaps up
601369.SH,20251201,gaps up
603787.SH,20251201,gaps up
301012.SZ,20251208,gaps up
301198.SZ,20251208,gaps up
600230.SH,20251208,gaps up
600372.SH,20251208,gaps up
600859.SH,20251208,gaps up
601211.SH,20251208,gaps up
600875.SH,20251211,gaps up
601226.SH,20251211,gaps up
002309.SZ,20251212,gaps up