ts_code,detect_date
000025.SZ,20250410
000025.SZ,20251009
000025.SZ,20251023
000025.SZ,20260204
000032.SZ,20250912
000032.SZ,20251110
000032.SZ,20251224
000060.SZ,20250825
000060.SZ,20251009
000060.SZ,20251201
000060.SZ,20251226
000060.SZ,20260126
000060.SZ,20260224
000061.SZ,20250828
000065.SZ,20250624
000065.SZ,20251225
000070.SZ,20250422
000070.SZ,20250912
000070.SZ,20251023
000070.SZ,20251124
000070.SZ,20251125
000070.SZ,20251126
000070.SZ,20251208
000070.SZ,20251222
000070.SZ,20260204
000070.SZ,20260210
000070.SZ,20260211
000070.SZ,20260212
000070.SZ,20260325
000078.SZ,20250702
000078.SZ,20260114
000078.SZ,20260123
000157.SZ,20250721
000157.SZ,20251014
000157.SZ,20260112
000157.SZ,20260209
000157.SZ,20260305
000157.SZ,20260325
000157.SZ,20260331
000407.SZ,20251111
000407.SZ,20251117
000407.SZ,20251118
000407.SZ,20260123
000407.SZ,20260303
000407.SZ,20260319
000408.SZ,20250410
000408.SZ,20250930
000408.SZ,20251009
000408.SZ,20251201
000408.SZ,20251204
000408.SZ,20251211
000408.SZ,20260209
000408.SZ,20260226
000408.SZ,20260325
000426.SZ,20250314
000426.SZ,20250410
000426.SZ,20250901
000426.SZ,20250922
000426.SZ,20250929
000426.SZ,20250930
000426.SZ,20251009
000426.SZ,20251110
000426.SZ,20251113
000426.SZ,20251125
000426.SZ,20251201
000426.SZ,20251222
000426.SZ,20260112
000426.SZ,20260114
000426.SZ,20260123
000426.SZ,20260126
000426.SZ,20260224
000426.SZ,20260310
000426.SZ,20260325
000428.SZ,20250916
000428.SZ,20251219
000428.SZ,20260119
000506.SZ,20250410
000506.SZ,20250708
000506.SZ,20251009
000506.SZ,20251125
000506.SZ,20260120
000506.SZ,20260121
000506.SZ,20260128
000506.SZ,20260224
000506.SZ,20260325
000514.SZ,20250708
000514.SZ,20251225
000514.SZ,20260305
000533.SZ,20250605
000533.SZ,20260202
000533.SZ,20260203
000533.SZ,20260204
000533.SZ,20260305
000533.SZ,20260306
000533.SZ,20260309
000533.SZ,20260310
000534.SZ,20250630
000534.SZ,20251210
000547.SZ,20251024
000547.SZ,20251201
000547.SZ,20251202
000547.SZ,20251208
000547.SZ,20251226
000547.SZ,20251229
000547.SZ,20260204
000559.SZ,20250506
000559.SZ,20251231
000559.SZ,20260305
000559.SZ,20260310
000566.SZ,20251117
000566.SZ,20251222
000566.SZ,20251223
000571.SZ,20250925
000571.SZ,20260130
000571.SZ,20260210
000572.SZ,20250624
000572.SZ,20260317
000582.SZ,20250623
000582.SZ,20251201
000582.SZ,20260211
000586.SZ,20250410
000586.SZ,20251103
000586.SZ,20260114
000586.SZ,20260325
000590.SZ,20250609
000590.SZ,20260105
000592.SZ,20250401
000592.SZ,20250912
000592.SZ,20251020
000592.SZ,20251024
000592.SZ,20251027
000592.SZ,20251028
000592.SZ,20251029
000592.SZ,20251103
000592.SZ,20251104
000592.SZ,20251105
000592.SZ,20251117
000592.SZ,20260331
000603.SZ,20250314
000603.SZ,20250410
000603.SZ,20250901
000603.SZ,20250912
000603.SZ,20250922
000603.SZ,20250930
000603.SZ,20251201
000603.SZ,20251210
000603.SZ,20251222
000603.SZ,20260112
000603.SZ,20260126
000603.SZ,20260127
000603.SZ,20260224
000603.SZ,20260310
000603.SZ,20260325
000612.SZ,20250410
000612.SZ,20251009
000612.SZ,20251201
000612.SZ,20260112
000612.SZ,20260325
000612.SZ,20260330
000630.SZ,20250306
000630.SZ,20250410
000630.SZ,20250825
000630.SZ,20250925
000630.SZ,20251009
000630.SZ,20251027
000630.SZ,20251113
000630.SZ,20251201
000630.SZ,20251204
000630.SZ,20251226
000630.SZ,20260123
000630.SZ,20260126
000630.SZ,20260224
000630.SZ,20260325
000632.SZ,20251110
000633.SZ,20250701
000633.SZ,20260325
000655.SZ,20250507
000655.SZ,20251009
000655.SZ,20251201
000655.SZ,20251222
000655.SZ,20260126
000655.SZ,20260325
000685.SZ,20250924
000685.SZ,20251127
000685.SZ,20251231
000688.SZ,20250410
000688.SZ,20251009
000688.SZ,20251031
000688.SZ,20251110
000688.SZ,20251114
000688.SZ,20251217
000688.SZ,20251226
000688.SZ,20260325
000692.SZ,20251114
000692.SZ,20251203
000692.SZ,20251204
000692.SZ,20251225
000700.SZ,20250410
000700.SZ,20251027
000700.SZ,20251230
000703.SZ,20250613
000703.SZ,20251202
000703.SZ,20251222
000720.SZ,20251106
000720.SZ,20260305
000720.SZ,20260324
000720.SZ,20260325
000720.SZ,20260326
000720.SZ,20260327
000722.SZ,20250721
000722.SZ,20260305
000722.SZ,20260325
000722.SZ,20260326
000726.SZ,20250703
000726.SZ,20260123
000735.SZ,20251203
000735.SZ,20251211
000737.SZ,20250306
000737.SZ,20250325
000737.SZ,20250410
000737.SZ,20250624
000737.SZ,20250912
000737.SZ,20250915
000737.SZ,20250925
000737.SZ,20251009
000737.SZ,20251027
000737.SZ,20251201
000737.SZ,20251222
000737.SZ,20260106
000737.SZ,20260126
000737.SZ,20260325
000756.SZ,20250818
000756.SZ,20251126
000756.SZ,20260126
000757.SZ,20250624
000757.SZ,20251009
000757.SZ,20260119
000758.SZ,20250711
000758.SZ,20251009
000758.SZ,20251201
000758.SZ,20260224
000758.SZ,20260225
000758.SZ,20260226
000758.SZ,20260325
000777.SZ,20250618
000777.SZ,20251009
000777.SZ,20251103
000777.SZ,20251104
000777.SZ,20251229
000777.SZ,20260122
000779.SZ,20250410
000791.SZ,20250312
000791.SZ,20250908
000791.SZ,20251014
000791.SZ,20260212
000792.SZ,20250513
000792.SZ,20250805
000792.SZ,20251009
000792.SZ,20251014
000792.SZ,20251024
000792.SZ,20251217
000792.SZ,20251226
000792.SZ,20260105
000792.SZ,20260106
000792.SZ,20260112
000792.SZ,20260224
000792.SZ,20260226
000792.SZ,20260313
000798.SZ,20250617
000798.SZ,20260107
000798.SZ,20260130
000798.SZ,20260316
000798.SZ,20260325
000807.SZ,20250410
000807.SZ,20250912
000807.SZ,20251201
000807.SZ,20260325
000807.SZ,20260330
000809.SZ,20251031
000825.SZ,20250428
000825.SZ,20251009
000825.SZ,20251216
000825.SZ,20251222
000825.SZ,20260107
000830.SZ,20250610
000830.SZ,20260302
000831.SZ,20250506
000831.SZ,20251009
000831.SZ,20251014
000831.SZ,20251201
000837.SZ,20250806
000837.SZ,20250903
000837.SZ,20251222
000837.SZ,20260305
000837.SZ,20260310
000837.SZ,20260311
000838.SZ,20251203
000878.SZ,20250410
000878.SZ,20250627
000878.SZ,20250925
000878.SZ,20250930
000878.SZ,20251009
000878.SZ,20251024
000878.SZ,20251201
000878.SZ,20251222
000878.SZ,20251226
000878.SZ,20260126
000878.SZ,20260224
000878.SZ,20260325
000880.SZ,20250401
000880.SZ,20251027
000880.SZ,20260108
000880.SZ,20260121
000880.SZ,20260122
000880.SZ,20260325
000881.SZ,20250526
000881.SZ,20251009
000881.SZ,20260209
000881.SZ,20260330
000892.SZ,20250410
000892.SZ,20251031
000892.SZ,20251103
000892.SZ,20251121
000892.SZ,20260112
000892.SZ,20260209
000892.SZ,20260210
000892.SZ,20260211
000920.SZ,20250410
000920.SZ,20251009
000920.SZ,20251222
000920.SZ,20260309
000922.SZ,20250410
000922.SZ,20251009
000922.SZ,20251106
000922.SZ,20260116
000922.SZ,20260122
000923.SZ,20250410
000923.SZ,20250627
000923.SZ,20250930
000923.SZ,20251009
000923.SZ,20251201
000923.SZ,20251204
000923.SZ,20251226
000923.SZ,20260126
000923.SZ,20260325
000933.SZ,20250320
000933.SZ,20250912
000933.SZ,20251201
000933.SZ,20260105
000933.SZ,20260126
000933.SZ,20260309
000933.SZ,20260330
000935.SZ,20250721
000935.SZ,20251118
000955.SZ,20251031
000955.SZ,20251117
000960.SZ,20250306
000960.SZ,20250414
000960.SZ,20250930
000960.SZ,20251009
000960.SZ,20251027
000960.SZ,20251110
000960.SZ,20251113
000960.SZ,20251204
000960.SZ,20260106
000960.SZ,20260107
000960.SZ,20260114
000960.SZ,20260126
000960.SZ,20260225
000960.SZ,20260302
000960.SZ,20260310
000960.SZ,20260325
000962.SZ,20250314
000962.SZ,20250908
000962.SZ,20251014
000962.SZ,20251028
000962.SZ,20251208
000962.SZ,20260204
000962.SZ,20260226
000962.SZ,20260325
000967.SZ,20250328
000967.SZ,20260325
000969.SZ,20250410
000969.SZ,20251009
000969.SZ,20251010
000969.SZ,20251013
000969.SZ,20251014
000969.SZ,20251028
000969.SZ,20251125
000969.SZ,20251215
000969.SZ,20251219
000969.SZ,20260105
000969.SZ,20260112
000969.SZ,20260325
000973.SZ,20250410
000973.SZ,20250625
000973.SZ,20251104
000973.SZ,20251113
000973.SZ,20251226
000975.SZ,20250314
000975.SZ,20250613
000975.SZ,20250923
000975.SZ,20251009
000975.SZ,20251201
000975.SZ,20251211
000975.SZ,20260121
000975.SZ,20260325
000977.SZ,20250410
000977.SZ,20251009
000977.SZ,20251125
000987.SZ,20250709
000987.SZ,20251229
000987.SZ,20260105
000987.SZ,20260109
000987.SZ,20260112
000987.SZ,20260119
000987.SZ,20260310
000987.SZ,20260325
000988.SZ,20250410
000988.SZ,20250911
000988.SZ,20250925
000988.SZ,20251027
000988.SZ,20251125
000988.SZ,20260224
000988.SZ,20260225
001202.SZ,20250324
001202.SZ,20260113
001202.SZ,20260122
001203.SZ,20250410
001203.SZ,20250709
001203.SZ,20251009
001203.SZ,20251029
001203.SZ,20251030
001203.SZ,20251031
001203.SZ,20251107
001203.SZ,20251110
001203.SZ,20251114
001203.SZ,20251117
001203.SZ,20251128
001203.SZ,20251217
001203.SZ,20251226
001203.SZ,20260112
001203.SZ,20260224
001203.SZ,20260226
001208.SZ,20250410
001208.SZ,20251210
001208.SZ,20251211
001208.SZ,20251212
001208.SZ,20251215
001208.SZ,20251216
001208.SZ,20260109
001208.SZ,20260123
001209.SZ,20250415
001209.SZ,20250929
001209.SZ,20251107
001209.SZ,20251110
001209.SZ,20260226
001211.SZ,20250811
001216.SZ,20250410
001216.SZ,20250730
001216.SZ,20251118
001216.SZ,20251119
001222.SZ,20250410
001222.SZ,20260120
001230.SZ,20250410
001230.SZ,20250924
001230.SZ,20260209
001234.SZ,20250410
001234.SZ,20260325
001258.SZ,20250605
001258.SZ,20251027
001266.SZ,20251114
001266.SZ,20251230
001266.SZ,20251231
001266.SZ,20260204
001267.SZ,20250825
001267.SZ,20251020
001267.SZ,20251022
001267.SZ,20251027
001267.SZ,20251208
001267.SZ,20260303
001267.SZ,20260310
001267.SZ,20260311
001298.SZ,20250626
001298.SZ,20251201
001298.SZ,20260310
001309.SZ,20250410
001309.SZ,20250811
001309.SZ,20250915
001309.SZ,20250922
001309.SZ,20250923
001309.SZ,20250930
001309.SZ,20251016
001309.SZ,20251024
001309.SZ,20251027
001309.SZ,20251106
001309.SZ,20251107
001309.SZ,20251224
001309.SZ,20260105
001309.SZ,20260305
001309.SZ,20260310
001318.SZ,20250717
001318.SZ,20251216
001318.SZ,20260325
001337.SZ,20250328
001337.SZ,20250410
001337.SZ,20250909
001337.SZ,20250922
001337.SZ,20251009
001337.SZ,20251110
001337.SZ,20251125
001337.SZ,20251222
001337.SZ,20260123
001337.SZ,20260126
001337.SZ,20260128
001337.SZ,20260224
001337.SZ,20260325
001337.SZ,20260331
001339.SZ,20250305
001339.SZ,20251027
001339.SZ,20251231
001339.SZ,20260105
001339.SZ,20260226
001339.SZ,20260310
001339.SZ,20260325
001359.SZ,20250624
001359.SZ,20251211
001359.SZ,20251218
001360.SZ,20250507
001360.SZ,20251009
001360.SZ,20251021
001360.SZ,20251208
001360.SZ,20251211
001360.SZ,20260325
002011.SZ,20250410
002011.SZ,20251027
002020.SZ,20250805
002028.SZ,20250421
002028.SZ,20251020
002028.SZ,20251024
002028.SZ,20260116
002028.SZ,20260119
002029.SZ,20250410
002029.SZ,20251208
002029.SZ,20260310
002029.SZ,20260325
002038.SZ,20251110
002038.SZ,20260123
002038.SZ,20260325
002038.SZ,20260330
002040.SZ,20250417
002040.SZ,20251014
002040.SZ,20251225
002040.SZ,20260303
002048.SZ,20250306
002048.SZ,20251029
002048.SZ,20260119
002048.SZ,20260310
002049.SZ,20250926
002049.SZ,20251028
002049.SZ,20260115
002049.SZ,20260310
002049.SZ,20260325
002050.SZ,20250410
002050.SZ,20251125
002050.SZ,20251204
002050.SZ,20260310
002053.SZ,20250521
002053.SZ,20260106
002056.SZ,20250312
002056.SZ,20251024
002056.SZ,20260209
002056.SZ,20260313
002057.SZ,20250410
002057.SZ,20251009
002057.SZ,20251219
002057.SZ,20260325
002060.SZ,20250414
002062.SZ,20250722
002062.SZ,20250918
002067.SZ,20250410
002067.SZ,20251222
002067.SZ,20260112
002067.SZ,20260211
002073.SZ,20250410
002073.SZ,20260325
002074.SZ,20250410
002074.SZ,20251027
002080.SZ,20250519
002080.SZ,20250825
002080.SZ,20250911
002080.SZ,20251029
002080.SZ,20251120
002080.SZ,20251208
002080.SZ,20260115
002080.SZ,20260211
002080.SZ,20260212
002080.SZ,20260310
002080.SZ,20260325
002082.SZ,20250410
002082.SZ,20260112
002082.SZ,20260309
002082.SZ,20260310
002082.SZ,20260325
002082.SZ,20260330
002083.SZ,20250709
002083.SZ,20251117
002083.SZ,20251211
002083.SZ,20260106
002083.SZ,20260324
002091.SZ,20250410
002091.SZ,20250721
002091.SZ,20251009
002091.SZ,20251110
002107.SZ,20250710
002107.SZ,20260105
002107.SZ,20260206
002115.SZ,20250305
002115.SZ,20250909
002115.SZ,20250930
002115.SZ,20260112
002115.SZ,20260113
002115.SZ,20260114
002115.SZ,20260310
002115.SZ,20260325
002125.SZ,20250410
002125.SZ,20250930
002125.SZ,20251219
002126.SZ,20250410
002126.SZ,20251125
002126.SZ,20260108
002126.SZ,20260204
002126.SZ,20260325
002132.SZ,20250410
002134.SZ,20250818
002134.SZ,20260310
002140.SZ,20250721
002140.SZ,20260106
002140.SZ,20260309
002153.SZ,20250410
002153.SZ,20251125
002153.SZ,20260114
002153.SZ,20260115
002155.SZ,20250411
002155.SZ,20250930
002155.SZ,20251009
002155.SZ,20251031
002155.SZ,20251110
002155.SZ,20251222
002155.SZ,20260126
002155.SZ,20260127
002155.SZ,20260128
002155.SZ,20260129
002155.SZ,20260130
002155.SZ,20260224
002155.SZ,20260302
002155.SZ,20260325
002157.SZ,20250908
002166.SZ,20250812
002166.SZ,20251224
002166.SZ,20260126
002166.SZ,20260331
002170.SZ,20250721
002170.SZ,20260224
002171.SZ,20250814
002171.SZ,20251009
002171.SZ,20251014
002171.SZ,20251015
002171.SZ,20260325
002172.SZ,20250410
002176.SZ,20250714
002176.SZ,20260106
002176.SZ,20260112
002176.SZ,20260224
002176.SZ,20260225
002176.SZ,20260226
002176.SZ,20260330
002177.SZ,20250529
002177.SZ,20251230
002181.SZ,20250610
002181.SZ,20260112
002183.SZ,20250410
002183.SZ,20251009
002183.SZ,20251023
002183.SZ,20260105
002183.SZ,20260310
002186.SZ,20250826
002190.SZ,20250507
002190.SZ,20251016
002190.SZ,20251117
002190.SZ,20260302
002195.SZ,20250306
002195.SZ,20250410
002195.SZ,20250925
002195.SZ,20251027
002195.SZ,20251125
002195.SZ,20260105
002195.SZ,20260106
002195.SZ,20260107
002196.SZ,20250624
002196.SZ,20251222
002196.SZ,20260119
002196.SZ,20260305
002196.SZ,20260310
002207.SZ,20250410
002207.SZ,20251112
002207.SZ,20251128
002207.SZ,20251201
002207.SZ,20251218
002207.SZ,20260105
002207.SZ,20260126
002207.SZ,20260224
002207.SZ,20260225
002207.SZ,20260302
002207.SZ,20260303
002212.SZ,20250410
002212.SZ,20260112
002212.SZ,20260310
002218.SZ,20250702
002218.SZ,20260115
002218.SZ,20260126
002218.SZ,20260127
002218.SZ,20260128
002218.SZ,20260205
002218.SZ,20260324
002222.SZ,20250917
002222.SZ,20250922
002222.SZ,20251029
002222.SZ,20251125
002222.SZ,20251209
002222.SZ,20260112
002222.SZ,20260310
002222.SZ,20260325
002233.SZ,20250709
002237.SZ,20250410
002237.SZ,20251009
002237.SZ,20251125
002237.SZ,20251222
002237.SZ,20260121
002237.SZ,20260123
002237.SZ,20260126
002237.SZ,20260224
002237.SZ,20260325
002244.SZ,20250430
002246.SZ,20250430
002246.SZ,20251027
002246.SZ,20251222
002246.SZ,20260302
002248.SZ,20250804
002248.SZ,20250930
002248.SZ,20260108
002248.SZ,20260202
002248.SZ,20260305
002248.SZ,20260311
002249.SZ,20250410
002249.SZ,20250923
002249.SZ,20260310
002250.SZ,20250410
002250.SZ,20250528
002250.SZ,20250908
002250.SZ,20251110
002250.SZ,20251113
002250.SZ,20260112
002255.SZ,20250414
002255.SZ,20250701
002255.SZ,20251009
002255.SZ,20251010
002255.SZ,20251103
002255.SZ,20251104
002255.SZ,20251105
002255.SZ,20251106
002255.SZ,20251107
002255.SZ,20251219
002261.SZ,20250306
002261.SZ,20251117
002261.SZ,20251229
002261.SZ,20251230
002261.SZ,20260112
002266.SZ,20250314
002266.SZ,20250721
002266.SZ,20251009
002266.SZ,20251010
002266.SZ,20251103
002272.SZ,20250312
002272.SZ,20250410
002272.SZ,20250919
002272.SZ,20251027
002272.SZ,20251106
002272.SZ,20251222
002272.SZ,20251229
002272.SZ,20260209
002272.SZ,20260212
002277.SZ,20251201
002277.SZ,20260224
002279.SZ,20250410
002279.SZ,20251124
002279.SZ,20260121
002279.SZ,20260305
002281.SZ,20250506
002281.SZ,20251027
002281.SZ,20251106
002281.SZ,20260310
002281.SZ,20260311
002281.SZ,20260325
002290.SZ,20250410
002290.SZ,20260325
002294.SZ,20250520
002295.SZ,20250410
002295.SZ,20251009
002295.SZ,20260126
002295.SZ,20260325
002297.SZ,20250722
002297.SZ,20251225
002297.SZ,20260310
002297.SZ,20260325
002298.SZ,20250410
002298.SZ,20260311
002300.SZ,20250611
002300.SZ,20251203
002300.SZ,20251204
002300.SZ,20251215
002300.SZ,20251216
002300.SZ,20260305
002309.SZ,20250606
002309.SZ,20251212
002309.SZ,20260323
002309.SZ,20260324
002309.SZ,20260325
002310.SZ,20250916
002310.SZ,20251106
002310.SZ,20260114
002310.SZ,20260305
002310.SZ,20260320
002310.SZ,20260323
002313.SZ,20250410
002315.SZ,20250306
002315.SZ,20250430
002315.SZ,20250901
002315.SZ,20250930
002315.SZ,20260112
002326.SZ,20250410
002326.SZ,20250818
002326.SZ,20251031
002326.SZ,20251110
002326.SZ,20251112
002326.SZ,20251113
002326.SZ,20260310
002330.SZ,20250804
002335.SZ,20250410
002335.SZ,20251209
002335.SZ,20260306
002338.SZ,20250506
002338.SZ,20251013
002338.SZ,20251014
002338.SZ,20251218
002338.SZ,20260325
002339.SZ,20250605
002339.SZ,20260116
002339.SZ,20260119
002339.SZ,20260305
002340.SZ,20250811
002340.SZ,20251009
002340.SZ,20251222
002340.SZ,20251231
002340.SZ,20260107
002340.SZ,20260126
002340.SZ,20260325
002353.SZ,20250710
002353.SZ,20260114
002353.SZ,20260209
002353.SZ,20260325
002353.SZ,20260331
002366.SZ,20250526
002366.SZ,20251009
002366.SZ,20251010
002366.SZ,20251219
002374.SZ,20251111
002374.SZ,20251208
002374.SZ,20251215
002378.SZ,20250825
002378.SZ,20250908
002378.SZ,20251027
002378.SZ,20260212
002378.SZ,20260226
002378.SZ,20260227
002378.SZ,20260302
002379.SZ,20250624
002379.SZ,20251014
002379.SZ,20260105
002379.SZ,20260312
002379.SZ,20260330
002384.SZ,20250410
002384.SZ,20250911
002384.SZ,20251027
002384.SZ,20251106
002384.SZ,20260303
002384.SZ,20260310
002384.SZ,20260313
002392.SZ,20250507
002402.SZ,20250306
002402.SZ,20250410
002402.SZ,20250908
002402.SZ,20250919
002402.SZ,20250922
002402.SZ,20250923
002402.SZ,20251114
002402.SZ,20251204
002402.SZ,20260112
002402.SZ,20260325
002404.SZ,20251118
002404.SZ,20260331
002407.SZ,20250410
002407.SZ,20250930
002407.SZ,20251029
002407.SZ,20251110
002407.SZ,20251224
002413.SZ,20251009
002413.SZ,20251117
002413.SZ,20251125
002413.SZ,20251126
002413.SZ,20251201
002413.SZ,20251230
002413.SZ,20251231
002413.SZ,20260105
002413.SZ,20260106
002430.SZ,20250704
002430.SZ,20251009
002430.SZ,20251027
002430.SZ,20251030
002430.SZ,20251203
002436.SZ,20250422
002436.SZ,20260116
002436.SZ,20260224
002436.SZ,20260310
002436.SZ,20260325
002444.SZ,20250703
002444.SZ,20260311
002444.SZ,20260325
002451.SZ,20250811
002451.SZ,20260202
002451.SZ,20260305
002453.SZ,20250922
002453.SZ,20260305
002460.SZ,20250410
002460.SZ,20251009
002460.SZ,20251217
002460.SZ,20251226
002460.SZ,20260106
002460.SZ,20260112
002460.SZ,20260224
002460.SZ,20260226
002460.SZ,20260310
002463.SZ,20250410
002463.SZ,20251024
002463.SZ,20251027
002463.SZ,20251126
002463.SZ,20260225
002463.SZ,20260226
002463.SZ,20260310
002466.SZ,20250410
002466.SZ,20251009
002466.SZ,20251217
002466.SZ,20251226
002466.SZ,20260106
002466.SZ,20260112
002466.SZ,20260224
002466.SZ,20260226
002466.SZ,20260310
002466.SZ,20260325
002468.SZ,20250410
002471.SZ,20250403
002471.SZ,20250430
002471.SZ,20250925
002471.SZ,20251009
002471.SZ,20251201
002471.SZ,20251212
002471.SZ,20251215
002471.SZ,20251225
002471.SZ,20251229
002471.SZ,20251230
002471.SZ,20260122
002471.SZ,20260123
002471.SZ,20260326
002472.SZ,20250410
002472.SZ,20251125
002472.SZ,20260210
002472.SZ,20260310
002484.SZ,20250410
002484.SZ,20250901
002484.SZ,20251027
002484.SZ,20251120
002484.SZ,20260116
002484.SZ,20260310
002487.SZ,20250414
002487.SZ,20250908
002487.SZ,20251124
002487.SZ,20251204
002487.SZ,20260115
002487.SZ,20260313
002491.SZ,20250312
002491.SZ,20250410
002491.SZ,20250912
002491.SZ,20251218
002491.SZ,20260128
002491.SZ,20260202
002491.SZ,20260325
002510.SZ,20250410
002510.SZ,20260212
002513.SZ,20250410
002513.SZ,20250930
002515.SZ,20250912
002515.SZ,20250923
002515.SZ,20251027
002516.SZ,20250410
002516.SZ,20251009
002516.SZ,20251201
002516.SZ,20260325
002518.SZ,20250625
002518.SZ,20251125
002527.SZ,20250714
002527.SZ,20250911
002527.SZ,20250912
002527.SZ,20250925
002527.SZ,20250930
002527.SZ,20251222
002527.SZ,20251230
002527.SZ,20251231
002527.SZ,20260120
002527.SZ,20260310
002532.SZ,20250410
002532.SZ,20250912
002532.SZ,20260105
002532.SZ,20260325
002532.SZ,20260330
002543.SZ,20250410
002543.SZ,20251225
002544.SZ,20250626
002544.SZ,20251211
002549.SZ,20250328
002549.SZ,20250527
002549.SZ,20250922
002549.SZ,20251013
002549.SZ,20251218
002549.SZ,20260107
002552.SZ,20250410
002552.SZ,20251009
002552.SZ,20251017
002552.SZ,20251029
002552.SZ,20260113
002552.SZ,20260121
002552.SZ,20260204
002552.SZ,20260325
002555.SZ,20250826
002555.SZ,20251208
002555.SZ,20260105
002555.SZ,20260106
002555.SZ,20260112
002562.SZ,20250410
002562.SZ,20250704
002562.SZ,20251104
002562.SZ,20251106
002564.SZ,20250321
002564.SZ,20251022
002564.SZ,20251023
002564.SZ,20251031
002564.SZ,20260305
002571.SZ,20250825
002571.SZ,20250930
002571.SZ,20251016
002571.SZ,20251229
002571.SZ,20260305
002576.SZ,20250410
002576.SZ,20260310
002578.SZ,20250410
002578.SZ,20251201
002578.SZ,20260325
002578.SZ,20260330
002578.SZ,20260331
002580.SZ,20250318
002580.SZ,20260310
002600.SZ,20250410
002600.SZ,20251024
002600.SZ,20251027
002600.SZ,20260210
002600.SZ,20260310
002600.SZ,20260311
002611.SZ,20250410
002611.SZ,20250917
002611.SZ,20251103
002611.SZ,20251201
002611.SZ,20260310
002617.SZ,20250410
002617.SZ,20251029
002617.SZ,20260116
002617.SZ,20260119
002617.SZ,20260224
002617.SZ,20260310
002625.SZ,20250624
002625.SZ,20251208
002625.SZ,20260112
002625.SZ,20260209
002625.SZ,20260325
002627.SZ,20250317
002627.SZ,20251014
002627.SZ,20251201
002639.SZ,20250414
002639.SZ,20251009
002639.SZ,20251105
002639.SZ,20251212
002639.SZ,20251215
002639.SZ,20260108
002639.SZ,20260123
002642.SZ,20250410
002642.SZ,20260112
002642.SZ,20260305
002645.SZ,20250430
002645.SZ,20251009
002645.SZ,20251027
002645.SZ,20251201
002645.SZ,20260209
002658.SZ,20250701
002658.SZ,20251107
002658.SZ,20251110
002658.SZ,20260116
002669.SZ,20250410
002669.SZ,20251027
002669.SZ,20251120
002669.SZ,20251124
002674.SZ,20250414
002674.SZ,20260310
002676.SZ,20250805
002682.SZ,20251024
002682.SZ,20251201
002682.SZ,20251204
002682.SZ,20251205
002682.SZ,20251208
002682.SZ,20251209
002690.SZ,20250310
002690.SZ,20250908
002690.SZ,20251027
002690.SZ,20260310
002695.SZ,20250909
002695.SZ,20260324
002703.SZ,20250410
002703.SZ,20251216
002703.SZ,20251217
002703.SZ,20251222
002703.SZ,20260107
002703.SZ,20260224
002706.SZ,20250410
002706.SZ,20250908
002706.SZ,20250923
002709.SZ,20250625
002709.SZ,20260310
002714.SZ,20250530
002714.SZ,20250908
002714.SZ,20251229
002715.SZ,20251118
002716.SZ,20250410
002716.SZ,20250711
002716.SZ,20250901
002716.SZ,20250902
002716.SZ,20250922
002716.SZ,20251111
002716.SZ,20251125
002716.SZ,20251201
002716.SZ,20251210
002716.SZ,20251222
002716.SZ,20251226
002716.SZ,20251229
002716.SZ,20260106
002716.SZ,20260112
002716.SZ,20260114
002716.SZ,20260121
002716.SZ,20260123
002716.SZ,20260126
002716.SZ,20260224
002716.SZ,20260310
002716.SZ,20260325
002731.SZ,20250604
002731.SZ,20251226
002731.SZ,20260106
002731.SZ,20260123
002759.SZ,20250414
002759.SZ,20250930
002759.SZ,20251009
002759.SZ,20251031
002759.SZ,20251110
002759.SZ,20251224
002759.SZ,20251226
002759.SZ,20260310
002759.SZ,20260326
002763.SZ,20250901
002763.SZ,20251225
002763.SZ,20251226
002767.SZ,20250324
002767.SZ,20251020
002767.SZ,20260305
002772.SZ,20250507
002772.SZ,20251028
002780.SZ,20251114
002780.SZ,20260123
002780.SZ,20260202
002780.SZ,20260331
002782.SZ,20251016
002796.SZ,20250410
002796.SZ,20251009
002796.SZ,20251223
002796.SZ,20260116
002796.SZ,20260305
002796.SZ,20260330
002798.SZ,20250519
002803.SZ,20250410
002803.SZ,20260112
002805.SZ,20250619
002805.SZ,20251117
002805.SZ,20251226
002805.SZ,20260306
002811.SZ,20250306
002821.SZ,20250318
002821.SZ,20251208
002821.SZ,20260331
002837.SZ,20250306
002837.SZ,20251217
002837.SZ,20251218
002837.SZ,20251224
002838.SZ,20250414
002839.SZ,20251201
002846.SZ,20250408
002846.SZ,20250930
002846.SZ,20260310
002863.SZ,20250410
002863.SZ,20251028
002885.SZ,20250624
002885.SZ,20260202
002885.SZ,20260325
002893.SZ,20250721
002895.SZ,20250507
002895.SZ,20250715
002895.SZ,20251009
002895.SZ,20260105
002901.SZ,20250506
002901.SZ,20251009
002901.SZ,20251201
002905.SZ,20250430
002907.SZ,20250528
002907.SZ,20260206
002911.SZ,20250814
002911.SZ,20260116
002911.SZ,20260120
002911.SZ,20260302
002913.SZ,20250410
002913.SZ,20251009
002913.SZ,20251027
002922.SZ,20250410
002922.SZ,20251030
002922.SZ,20251106
002922.SZ,20260107
002922.SZ,20260202
002922.SZ,20260325
002925.SZ,20250410
002925.SZ,20251114
002925.SZ,20260105
002925.SZ,20260106
002926.SZ,20250507
002941.SZ,20250507
002941.SZ,20251009
002941.SZ,20251010
002941.SZ,20251022
002941.SZ,20251215
002941.SZ,20260325
002950.SZ,20250317
002950.SZ,20250827
002950.SZ,20251030
002950.SZ,20251110
002950.SZ,20260126
002957.SZ,20250317
002957.SZ,20260204
002957.SZ,20260303
002957.SZ,20260325
002968.SZ,20250912
002975.SZ,20250410
002975.SZ,20250918
002975.SZ,20251030
002975.SZ,20260116
002975.SZ,20260310
002975.SZ,20260325
002978.SZ,20250410
002978.SZ,20251009
002978.SZ,20260325
002983.SZ,20251201
002983.SZ,20260305
002989.SZ,20250429
003011.SZ,20251104
003011.SZ,20260120
003011.SZ,20260325
003015.SZ,20250414
003015.SZ,20251021
003015.SZ,20260209
003015.SZ,20260310
003022.SZ,20250410
003022.SZ,20251106
003022.SZ,20251113
003023.SZ,20250723
003023.SZ,20250908
003023.SZ,20251201
300001.SZ,20250422
300001.SZ,20251016
300003.SZ,20250604
300003.SZ,20251027
300003.SZ,20251208
300003.SZ,20260105
300003.SZ,20260106
300003.SZ,20260310
300003.SZ,20260325
300005.SZ,20250414
300007.SZ,20250410
300007.SZ,20250917
300007.SZ,20251225
300007.SZ,20260105
300007.SZ,20260310
300013.SZ,20250326
300013.SZ,20251225
300037.SZ,20250811
300042.SZ,20250312
300042.SZ,20250912
300042.SZ,20251024
300042.SZ,20260317
300043.SZ,20250829
300043.SZ,20250916
300043.SZ,20260112
300043.SZ,20260305
300062.SZ,20251016
300062.SZ,20251201
300062.SZ,20251208
300062.SZ,20251215
300066.SZ,20250410
300066.SZ,20250711
300066.SZ,20251027
300066.SZ,20251111
300066.SZ,20260107
300066.SZ,20260129
300066.SZ,20260325
300069.SZ,20250721
300069.SZ,20260116
300069.SZ,20260305
300072.SZ,20251014
300072.SZ,20260109
300073.SZ,20250410
300073.SZ,20251009
300073.SZ,20251226
300073.SZ,20260310
300082.SZ,20250410
300082.SZ,20251009
300082.SZ,20260121
300083.SZ,20250320
300083.SZ,20251027
300083.SZ,20251125
300083.SZ,20251201
300083.SZ,20251219
300083.SZ,20260310
300083.SZ,20260311
300092.SZ,20250526
300092.SZ,20251027
300092.SZ,20260225
300092.SZ,20260325
300095.SZ,20250606
300095.SZ,20260305
300102.SZ,20250807
300102.SZ,20260109
300102.SZ,20260126
300109.SZ,20250908
300111.SZ,20250410
300113.SZ,20250410
300113.SZ,20260112
300113.SZ,20260309
300113.SZ,20260310
300115.SZ,20250410
300115.SZ,20260310
300132.SZ,20250410
300139.SZ,20250328
300139.SZ,20250410
300139.SZ,20250901
300139.SZ,20251009
300139.SZ,20251125
300139.SZ,20251222
300139.SZ,20260112
300139.SZ,20260129
300139.SZ,20260224
300139.SZ,20260302
300139.SZ,20260325
300143.SZ,20250410
300143.SZ,20260105
300150.SZ,20250827
300150.SZ,20260112
300150.SZ,20260202
300150.SZ,20260305
300153.SZ,20250410
300153.SZ,20251209
300153.SZ,20260108
300164.SZ,20250410
300164.SZ,20250612
300164.SZ,20251021
300164.SZ,20251112
300164.SZ,20251128
300164.SZ,20251218
300164.SZ,20260105
300164.SZ,20260109
300164.SZ,20260113
300164.SZ,20260129
300164.SZ,20260224
300164.SZ,20260225
300164.SZ,20260302
300164.SZ,20260303
300191.SZ,20250609
300191.SZ,20251201
300191.SZ,20251218
300191.SZ,20260105
300191.SZ,20260109
300191.SZ,20260204
300191.SZ,20260224
300191.SZ,20260225
300191.SZ,20260302
300191.SZ,20260303
300191.SZ,20260309
300206.SZ,20250410
300206.SZ,20251028
300206.SZ,20260113
300206.SZ,20260120
300206.SZ,20260310
300206.SZ,20260325
300213.SZ,20250410
300213.SZ,20251201
300213.SZ,20260310
300213.SZ,20260311
300233.SZ,20250310
300244.SZ,20250410
300244.SZ,20250912
300244.SZ,20251024
300244.SZ,20260109
300244.SZ,20260112
300244.SZ,20260113
300244.SZ,20260325
300249.SZ,20250410
300249.SZ,20251027
300249.SZ,20260212
300250.SZ,20250922
300250.SZ,20251114
300250.SZ,20260105
300250.SZ,20260112
300252.SZ,20250507
300252.SZ,20251024
300252.SZ,20260311
300252.SZ,20260325
300260.SZ,20250328
300260.SZ,20251013
300260.SZ,20251014
300260.SZ,20251218
300263.SZ,20251111
300263.SZ,20260202
300263.SZ,20260305
300263.SZ,20260310
300265.SZ,20250410
300265.SZ,20251009
300265.SZ,20251201
300265.SZ,20251211
300265.SZ,20251212
300265.SZ,20260123
300265.SZ,20260305
300269.SZ,20250822
300269.SZ,20260106
300269.SZ,20260305
300286.SZ,20250306
300286.SZ,20260227
300289.SZ,20250731
300289.SZ,20260112
300289.SZ,20260305
300299.SZ,20250410
300299.SZ,20251028
300299.SZ,20260112
300299.SZ,20260209
300299.SZ,20260210
300308.SZ,20250410
300308.SZ,20251020
300308.SZ,20251106
300308.SZ,20251222
300308.SZ,20260310
300308.SZ,20260311
300308.SZ,20260320
300308.SZ,20260325
300314.SZ,20250314
300314.SZ,20260113
300324.SZ,20250410
300324.SZ,20250901
300324.SZ,20250912
300324.SZ,20251030
300324.SZ,20251119
300324.SZ,20251225
300324.SZ,20260123
300324.SZ,20260310
300329.SZ,20250410
300339.SZ,20250506
300339.SZ,20260112
300350.SZ,20250623
300353.SZ,20250306
300353.SZ,20250312
300353.SZ,20250901
300353.SZ,20251103
300353.SZ,20260108
300353.SZ,20260305
300354.SZ,20250815
300373.SZ,20250425
300373.SZ,20251010
300373.SZ,20251106
300373.SZ,20260116
300373.SZ,20260128
300373.SZ,20260310
300373.SZ,20260325
300388.SZ,20250721
300388.SZ,20260305
300395.SZ,20250625
300395.SZ,20251029
300395.SZ,20251125
300395.SZ,20260310
300395.SZ,20260325
300402.SZ,20250624
300402.SZ,20260105
300402.SZ,20260325
300416.SZ,20250811
300416.SZ,20260106
300416.SZ,20260325
300416.SZ,20260331
300420.SZ,20250410
300420.SZ,20260305
300420.SZ,20260310
300428.SZ,20250410
300428.SZ,20251010
300428.SZ,20251027
300428.SZ,20251201
300428.SZ,20251226
300428.SZ,20260123
300435.SZ,20250410
300435.SZ,20251212
300435.SZ,20251215
300435.SZ,20260107
300435.SZ,20260112
300437.SZ,20251110
300442.SZ,20250410
300442.SZ,20251030
300442.SZ,20251209
300442.SZ,20260105
300442.SZ,20260109
300442.SZ,20260224
300442.SZ,20260226
300450.SZ,20250410
300450.SZ,20250901
300450.SZ,20250908
300450.SZ,20251223
300450.SZ,20260310
300452.SZ,20250624
300452.SZ,20260115
300452.SZ,20260310
300458.SZ,20250410
300458.SZ,20251024
300458.SZ,20260310
300468.SZ,20250530
300468.SZ,20251027
300468.SZ,20251225
300469.SZ,20250410
300469.SZ,20260325
300475.SZ,20250410
300475.SZ,20250908
300475.SZ,20250930
300475.SZ,20251009
300475.SZ,20251024
300475.SZ,20251106
300475.SZ,20260107
300483.SZ,20250410
300483.SZ,20250613
300483.SZ,20251114
300483.SZ,20260302
300483.SZ,20260303
300483.SZ,20260319
300496.SZ,20250410
300496.SZ,20250925
300496.SZ,20251024
300496.SZ,20260106
300496.SZ,20260112
300497.SZ,20251113
300497.SZ,20260324
300501.SZ,20250818
300501.SZ,20260105
300511.SZ,20251106
300511.SZ,20260116
300571.SZ,20250410
300571.SZ,20260209
300584.SZ,20250522
300584.SZ,20250609
300584.SZ,20251009
300584.SZ,20251208
300584.SZ,20260310
300587.SZ,20250507
300587.SZ,20251009
300589.SZ,20250812
300593.SZ,20250725
300593.SZ,20250930
300593.SZ,20251128
300596.SZ,20251127
300596.SZ,20260225
300596.SZ,20260305
300604.SZ,20250410
300604.SZ,20251027
300604.SZ,20260310
300604.SZ,20260325
300605.SZ,20250306
300605.SZ,20260112
300605.SZ,20260325
300611.SZ,20250410
300611.SZ,20250908
300611.SZ,20251009
300611.SZ,20260106
300611.SZ,20260305
300617.SZ,20250605
300617.SZ,20260202
300635.SZ,20251110
300657.SZ,20250410
300657.SZ,20251024
300657.SZ,20260105
300657.SZ,20260123
300657.SZ,20260325
300666.SZ,20250415
300666.SZ,20251024
300666.SZ,20251106
300666.SZ,20260325
300670.SZ,20250410
300682.SZ,20250410
300682.SZ,20260112
300682.SZ,20260209
300682.SZ,20260226
300687.SZ,20250825
300687.SZ,20260108
300687.SZ,20260112
300690.SZ,20250410
300690.SZ,20260310
300690.SZ,20260312
300697.SZ,20250306
300697.SZ,20250324
300697.SZ,20250410
300697.SZ,20250912
300697.SZ,20250925
300697.SZ,20251027
300697.SZ,20251201
300697.SZ,20260126
300697.SZ,20260325
300701.SZ,20250410
300701.SZ,20251209
300701.SZ,20260305
300701.SZ,20260310
300701.SZ,20260325
300709.SZ,20250305
300709.SZ,20251027
300709.SZ,20260310
300709.SZ,20260325
300715.SZ,20250410
300731.SZ,20250312
300731.SZ,20251027
300731.SZ,20260212
300731.SZ,20260310
300731.SZ,20260325
300738.SZ,20250410
300738.SZ,20250912
300738.SZ,20251209
300738.SZ,20260109
300738.SZ,20260126
300738.SZ,20260325
300750.SZ,20250423
300750.SZ,20260305
300750.SZ,20260310
300753.SZ,20250319
300753.SZ,20250521
300753.SZ,20251112
300753.SZ,20260105
300753.SZ,20260106
300777.SZ,20250507
300777.SZ,20250911
300777.SZ,20251024
300777.SZ,20251107
300777.SZ,20251201
300777.SZ,20251208
300777.SZ,20251219
300777.SZ,20260116
300777.SZ,20260312
300797.SZ,20250507
300797.SZ,20251009
300797.SZ,20251010
300797.SZ,20251201
300797.SZ,20260107
300809.SZ,20250626
300809.SZ,20260310
300813.SZ,20250410
300814.SZ,20250410
300814.SZ,20251009
300814.SZ,20260226
300814.SZ,20260302
300814.SZ,20260325
300815.SZ,20250410
300815.SZ,20260325
300819.SZ,20250624
300846.SZ,20250410
300846.SZ,20251222
300846.SZ,20260128
300846.SZ,20260212
300846.SZ,20260213
300852.SZ,20250410
300852.SZ,20250912
300852.SZ,20251027
300852.SZ,20260122
300852.SZ,20260310
300852.SZ,20260325
300857.SZ,20250305
300857.SZ,20251125
300857.SZ,20260212
300858.SZ,20250527
300863.SZ,20250410
300863.SZ,20260119
300863.SZ,20260126
300867.SZ,20250507
300867.SZ,20250922
300867.SZ,20251024
300867.SZ,20251114
300867.SZ,20260107
300867.SZ,20260123
300875.SZ,20250613
300875.SZ,20260302
300889.SZ,20250624
300895.SZ,20250609
300895.SZ,20250925
300895.SZ,20260105
300902.SZ,20250812
300902.SZ,20260325
300903.SZ,20250807
300904.SZ,20250410
300904.SZ,20250825
300904.SZ,20251022
300913.SZ,20251125
300913.SZ,20260325
300926.SZ,20250410
300926.SZ,20251014
300926.SZ,20251027
300926.SZ,20251226
300926.SZ,20260116
300926.SZ,20260310
300937.SZ,20250521
300937.SZ,20251113
300937.SZ,20260123
300947.SZ,20250507
300948.SZ,20250721
300948.SZ,20250930
300948.SZ,20251009
300948.SZ,20251010
300950.SZ,20250410
300950.SZ,20260325
300952.SZ,20250718
300952.SZ,20260116
300952.SZ,20260119
300952.SZ,20260310
300953.SZ,20250410
300953.SZ,20250916
300955.SZ,20250507
300955.SZ,20251009
300955.SZ,20251024
300955.SZ,20251224
300959.SZ,20250616
300959.SZ,20251125
300959.SZ,20260325
300963.SZ,20250520
300963.SZ,20251009
300963.SZ,20251010
300969.SZ,20250410
300969.SZ,20260310
300971.SZ,20250410
300971.SZ,20250902
300972.SZ,20250829
300972.SZ,20251201
300973.SZ,20250429
300973.SZ,20251223
300988.SZ,20250410
300988.SZ,20260305
300990.SZ,20250410
300990.SZ,20251104
300990.SZ,20251224
300990.SZ,20260325
300997.SZ,20250527
300997.SZ,20251216
301002.SZ,20250410
301002.SZ,20250917
301002.SZ,20260112
301002.SZ,20260310
301002.SZ,20260325
301008.SZ,20250410
301008.SZ,20260330
301008.SZ,20260331
301013.SZ,20250410
301013.SZ,20260310
301019.SZ,20250627
301021.SZ,20250310
301021.SZ,20251218
301031.SZ,20250312
301031.SZ,20251024
301031.SZ,20251027
301031.SZ,20251028
301031.SZ,20260121
301031.SZ,20260122
301035.SZ,20250822
301035.SZ,20260120
301065.SZ,20250829
301082.SZ,20250506
301082.SZ,20251009
301082.SZ,20251103
301086.SZ,20250410
301086.SZ,20260310
301086.SZ,20260325
301095.SZ,20250529
301099.SZ,20250414
301099.SZ,20250929
301099.SZ,20251014
301099.SZ,20251125
301099.SZ,20251208
301099.SZ,20260106
301099.SZ,20260209
301099.SZ,20260310
301100.SZ,20250917
301100.SZ,20260209
301100.SZ,20260225
301100.SZ,20260305
301109.SZ,20251201
301118.SZ,20251113
301118.SZ,20251222
301118.SZ,20260225
301137.SZ,20250506
301137.SZ,20251009
301137.SZ,20251010
301137.SZ,20251219
301137.SZ,20260122
301148.SZ,20250410
301148.SZ,20251009
301148.SZ,20251201
301148.SZ,20251202
301148.SZ,20251203
301148.SZ,20260325
301150.SZ,20250410
301150.SZ,20250704
301150.SZ,20250908
301150.SZ,20251009
301150.SZ,20251117
301177.SZ,20250410
301177.SZ,20260112
301177.SZ,20260129
301177.SZ,20260325
301178.SZ,20250707
301178.SZ,20251009
301183.SZ,20250312
301183.SZ,20251128
301183.SZ,20251208
301186.SZ,20250829
301186.SZ,20251029
301186.SZ,20260112
301186.SZ,20260311
301189.SZ,20250410
301191.SZ,20250410
301191.SZ,20260123
301193.SZ,20250410
301193.SZ,20250707
301193.SZ,20251113
301196.SZ,20250306
301196.SZ,20260320
301196.SZ,20260325
301199.SZ,20250410
301199.SZ,20251024
301199.SZ,20260112
301199.SZ,20260305
301199.SZ,20260310
301201.SZ,20250722
301201.SZ,20260305
301201.SZ,20260310
301202.SZ,20250410
301202.SZ,20260112
301209.SZ,20250429
301209.SZ,20250930
301209.SZ,20251009
301209.SZ,20251027
301217.SZ,20250410
301217.SZ,20251027
301217.SZ,20251029
301217.SZ,20251125
301217.SZ,20260224
301217.SZ,20260225
301225.SZ,20250410
301225.SZ,20251009
301233.SZ,20250908
301233.SZ,20260325
301235.SZ,20250425
301235.SZ,20260325
301238.SZ,20250718
301238.SZ,20251226
301238.SZ,20260106
301238.SZ,20260310
301248.SZ,20250410
301248.SZ,20251208
301257.SZ,20250310
301257.SZ,20251027
301257.SZ,20260113
301257.SZ,20260114
301282.SZ,20250306
301282.SZ,20260310
301287.SZ,20250410
301287.SZ,20251027
301289.SZ,20250410
301289.SZ,20251211
301289.SZ,20260116
301289.SZ,20260310
301289.SZ,20260325
301290.SZ,20250410
301290.SZ,20260325
301305.SZ,20251112
301308.SZ,20250410
301308.SZ,20250930
301308.SZ,20251009
301308.SZ,20251024
301308.SZ,20251106
301308.SZ,20251218
301310.SZ,20250410
301310.SZ,20251208
301310.SZ,20260116
301322.SZ,20250410
301322.SZ,20251027
301330.SZ,20250410
301330.SZ,20251027
301330.SZ,20251118
301330.SZ,20251208
301330.SZ,20260105
301330.SZ,20260106
301365.SZ,20250829
301366.SZ,20250410
301366.SZ,20250930
301366.SZ,20251009
301366.SZ,20251201
301366.SZ,20260310
301377.SZ,20250318
301377.SZ,20251029
301389.SZ,20250410
301389.SZ,20260210
301392.SZ,20250507
301392.SZ,20251118
301392.SZ,20260310
301396.SZ,20250401
301396.SZ,20251027
301396.SZ,20251209
301396.SZ,20260126
301397.SZ,20250410
301397.SZ,20260212
301419.SZ,20250410
301419.SZ,20260325
301421.SZ,20250414
301421.SZ,20260116
301421.SZ,20260310
301421.SZ,20260325
301448.SZ,20250401
301488.SZ,20250312
301488.SZ,20251125
301488.SZ,20251128
301488.SZ,20251216
301488.SZ,20260106
301499.SZ,20250410
301499.SZ,20251023
301499.SZ,20260305
301500.SZ,20250410
301500.SZ,20251222
301500.SZ,20260123
301500.SZ,20260128
301500.SZ,20260129
301500.SZ,20260325
301518.SZ,20250929
301518.SZ,20250930
301548.SZ,20250714
301548.SZ,20260210
301566.SZ,20251118
301566.SZ,20260224
301566.SZ,20260310
301603.SZ,20250310
301603.SZ,20260116
301603.SZ,20260310
301603.SZ,20260311
301603.SZ,20260325
301607.SZ,20250318
301607.SZ,20250410
301607.SZ,20250916
301607.SZ,20251016
301607.SZ,20251225
301607.SZ,20260116
301607.SZ,20260310
301626.SZ,20250623
301626.SZ,20251223
301626.SZ,20260303
600021.SH,20250714
600021.SH,20250908
600021.SH,20251027
600021.SH,20260325
600025.SH,20250721
600031.SH,20250305
600031.SH,20251030
600031.SH,20260325
600054.SH,20250916
600054.SH,20251201
600058.SH,20250410
600058.SH,20260115
600058.SH,20260116
600063.SH,20250320
600063.SH,20250410
600063.SH,20250925
600063.SH,20260312
600067.SH,20250430
600067.SH,20250721
600067.SH,20251015
600067.SH,20251031
600067.SH,20251111
600078.SH,20250714
600078.SH,20260126
600078.SH,20260224
600078.SH,20260225
600078.SH,20260226
600089.SH,20250513
600089.SH,20250721
600089.SH,20251009
600089.SH,20251104
600089.SH,20251106
600089.SH,20260202
600089.SH,20260325
600094.SH,20251014
600095.SH,20250331
600095.SH,20251027
600096.SH,20250721
600096.SH,20250930
600096.SH,20251009
600096.SH,20251029
600096.SH,20251107
600096.SH,20251110
600096.SH,20260224
600096.SH,20260225
600097.SH,20250702
600097.SH,20260209
600097.SH,20260316
600097.SH,20260325
600103.SH,20250908
600105.SH,20250414
600105.SH,20250908
600105.SH,20250923
600105.SH,20251009
600105.SH,20251010
600105.SH,20251126
600105.SH,20251208
600105.SH,20251211
600106.SH,20250912
600106.SH,20251202
600106.SH,20251225
600111.SH,20250506
600111.SH,20251201
600111.SH,20260209
600113.SH,20250619
600113.SH,20251111
600113.SH,20251112
600114.SH,20250410
600114.SH,20250918
600114.SH,20260310
600120.SH,20250410
600120.SH,20260112
600151.SH,20250811
600151.SH,20251215
600151.SH,20260325
600152.SH,20250630
600152.SH,20251226
600152.SH,20260112
600152.SH,20260330
600156.SH,20250627
600160.SH,20250414
600167.SH,20250922
600167.SH,20251114
600167.SH,20251204
600167.SH,20260123
600172.SH,20250527
600172.SH,20251010
600172.SH,20251021
600172.SH,20251022
600172.SH,20260128
600172.SH,20260311
600173.SH,20250512
600173.SH,20251202
600176.SH,20250829
600176.SH,20250908
600176.SH,20251027
600176.SH,20251201
600176.SH,20260211
600176.SH,20260212
600176.SH,20260224
600176.SH,20260310
600176.SH,20260325
600206.SH,20250930
600206.SH,20251201
600206.SH,20260106
600206.SH,20260116
600206.SH,20260226
600206.SH,20260325
600211.SH,20250317
600211.SH,20251027
600211.SH,20251114
600211.SH,20251219
600211.SH,20260206
600226.SH,20250901
600230.SH,20250410
600230.SH,20251208
600230.SH,20260120
600249.SH,20251104
600249.SH,20260326
600262.SH,20250422
600262.SH,20251020
600262.SH,20251021
600262.SH,20251022
600262.SH,20260209
600262.SH,20260325
600276.SH,20250704
600276.SH,20251027
600276.SH,20251208
600276.SH,20260310
600276.SH,20260325
600284.SH,20250825
600284.SH,20251201
600287.SH,20250410
600308.SH,20251104
600315.SH,20250822
600319.SH,20250507
600319.SH,20251118
600319.SH,20251119
600338.SH,20250429
600338.SH,20251009
600338.SH,20251222
600338.SH,20251226
600338.SH,20260112
600338.SH,20260224
600338.SH,20260310
600338.SH,20260330
600353.SH,20250506
600353.SH,20250912
600353.SH,20250925
600353.SH,20251009
600353.SH,20251010
600353.SH,20251027
600353.SH,20251201
600362.SH,20250306
600362.SH,20250410
600362.SH,20250627
600362.SH,20250912
600362.SH,20250925
600362.SH,20250930
600362.SH,20251009
600362.SH,20251010
600362.SH,20251024
600362.SH,20251027
600362.SH,20251201
600362.SH,20251229
600362.SH,20260325
600363.SH,20250701
600363.SH,20251009
600363.SH,20251219
600363.SH,20260105
600363.SH,20260325
600367.SH,20250410
600367.SH,20251219
600367.SH,20251222
600367.SH,20260224
600367.SH,20260302
600367.SH,20260303
600376.SH,20250507
600376.SH,20251222
600376.SH,20251225
600376.SH,20260310
600382.SH,20250410
600382.SH,20251009
600382.SH,20251010
600382.SH,20251013
600389.SH,20250422
600389.SH,20260224
600392.SH,20250430
600392.SH,20251009
600392.SH,20260107
600392.SH,20260129
600392.SH,20260325
600403.SH,20250410
600403.SH,20251015
600403.SH,20251017
600403.SH,20251020
600403.SH,20251021
600403.SH,20251022
600403.SH,20251023
600403.SH,20251117
600403.SH,20260108
600408.SH,20250718
600408.SH,20260107
600408.SH,20260108
600408.SH,20260309
600410.SH,20250410
600410.SH,20251027
600410.SH,20251117
600410.SH,20251118
600410.SH,20260112
600410.SH,20260115
600416.SH,20250818
600416.SH,20251103
600416.SH,20260209
600416.SH,20260325
600425.SH,20250528
600425.SH,20251009
600426.SH,20250721
600426.SH,20260302
600429.SH,20250624
600435.SH,20250626
600435.SH,20251024
600435.SH,20251117
600435.SH,20251201
600435.SH,20260107
600435.SH,20260302
600444.SH,20250721
600444.SH,20251009
600444.SH,20251103
600444.SH,20251219
600444.SH,20260209
600456.SH,20250507
600456.SH,20250930
600456.SH,20251009
600456.SH,20251208
600456.SH,20260325
600459.SH,20250410
600459.SH,20251009
600459.SH,20251222
600459.SH,20260106
600459.SH,20260126
600459.SH,20260209
600459.SH,20260325
600467.SH,20250702
600467.SH,20251204
600467.SH,20260316
600468.SH,20250506
600468.SH,20251009
600468.SH,20251219
600468.SH,20251222
600468.SH,20260305
600475.SH,20250709
600483.SH,20250410
600483.SH,20251009
600483.SH,20260226
600489.SH,20250314
600489.SH,20250411
600489.SH,20250901
600489.SH,20250922
600489.SH,20251009
600489.SH,20251125
600489.SH,20251222
600489.SH,20260121
600489.SH,20260123
600489.SH,20260126
600489.SH,20260129
600489.SH,20260224
600489.SH,20260325
600490.SH,20250410
600490.SH,20250930
600490.SH,20251009
600490.SH,20251125
600490.SH,20251222
600490.SH,20260106
600490.SH,20260121
600490.SH,20260126
600490.SH,20260325
600498.SH,20250403
600498.SH,20251027
600498.SH,20251208
600498.SH,20260105
600498.SH,20260112
600498.SH,20260123
600498.SH,20260302
600498.SH,20260310
600498.SH,20260325
600506.SH,20251107
600506.SH,20251117
600506.SH,20260302
600509.SH,20250912
600521.SH,20250520
600521.SH,20251027
600521.SH,20260325
600522.SH,20250825
600522.SH,20251201
600522.SH,20260116
600522.SH,20260119
600522.SH,20260224
600522.SH,20260310
600522.SH,20260311
600522.SH,20260325
600526.SH,20250320
600531.SH,20250410
600531.SH,20250902
600531.SH,20250915
600531.SH,20251009
600531.SH,20251031
600531.SH,20251110
600531.SH,20251125
600531.SH,20251201
600531.SH,20251222
600531.SH,20251226
600531.SH,20260112
600531.SH,20260123
600531.SH,20260126
600531.SH,20260127
600531.SH,20260128
600531.SH,20260224
600531.SH,20260325
600537.SH,20250703
600537.SH,20251226
600537.SH,20260126
600539.SH,20250311
600539.SH,20260325
600547.SH,20250314
600547.SH,20250411
600547.SH,20251009
600547.SH,20251110
600547.SH,20251125
600547.SH,20251222
600547.SH,20251223
600547.SH,20260112
600547.SH,20260121
600547.SH,20260224
600547.SH,20260325
600558.SH,20250826
600558.SH,20251009
600577.SH,20250818
600577.SH,20260310
600581.SH,20250721
600581.SH,20251009
600581.SH,20260331
600589.SH,20250306
600589.SH,20250912
600589.SH,20251128
600589.SH,20251209
600589.SH,20260106
600589.SH,20260112
600589.SH,20260126
600589.SH,20260209
600589.SH,20260210
600589.SH,20260211
600589.SH,20260212
600589.SH,20260325
600595.SH,20250410
600595.SH,20251014
600595.SH,20260105
600595.SH,20260330
600601.SH,20250414
600601.SH,20250818
600601.SH,20250915
600601.SH,20251120
600601.SH,20260310
600601.SH,20260325
600629.SH,20250721
600629.SH,20250915
600629.SH,20250916
600629.SH,20250926
600629.SH,20250929
600629.SH,20250930
600629.SH,20251016
600633.SH,20250306
600633.SH,20250624
600633.SH,20250912
600633.SH,20260112
600633.SH,20260113
600635.SH,20250430
600635.SH,20251009
600635.SH,20251010
600635.SH,20251021
600635.SH,20251204
600635.SH,20260303
600645.SH,20250624
600645.SH,20251125
600651.SH,20250808
600651.SH,20250912
600651.SH,20250918
600651.SH,20260310
600660.SH,20250820
600666.SH,20250624
600666.SH,20251031
600666.SH,20251201
600666.SH,20260112
600666.SH,20260209
600666.SH,20260319
600666.SH,20260325
600666.SH,20260326
600673.SH,20250616
600673.SH,20251027
600673.SH,20251208
600673.SH,20260209
600673.SH,20260210
600691.SH,20250912
600691.SH,20260107
600691.SH,20260309
600691.SH,20260312
600691.SH,20260313
600698.SH,20250605
600698.SH,20251208
600698.SH,20260302
600698.SH,20260326
600699.SH,20250410
600699.SH,20251021
600699.SH,20260310
600702.SH,20250825
600704.SH,20250410
600704.SH,20250912
600706.SH,20250610
600711.SH,20250314
600711.SH,20250410
600711.SH,20250901
600711.SH,20250925
600711.SH,20250930
600711.SH,20251009
600711.SH,20251113
600711.SH,20251204
600711.SH,20260126
600711.SH,20260204
600711.SH,20260310
600711.SH,20260325
600726.SH,20251110
600726.SH,20251201
600726.SH,20260312
600728.SH,20250307
600728.SH,20250410
600728.SH,20250825
600728.SH,20250922
600728.SH,20250930
600728.SH,20251230
600737.SH,20250314
600737.SH,20250805
600737.SH,20251112
600737.SH,20260309
600761.SH,20250410
600761.SH,20251225
600761.SH,20260126
600761.SH,20260325
600769.SH,20250507
600769.SH,20260311
600797.SH,20250305
600797.SH,20250312
600797.SH,20250804
600797.SH,20250901
600797.SH,20250922
600797.SH,20250923
600797.SH,20251024
600797.SH,20260112
600810.SH,20250926
600810.SH,20251111
600810.SH,20260309
600810.SH,20260312
600829.SH,20250718
600829.SH,20251117
600829.SH,20251203
600829.SH,20260123
600846.SH,20250912
600846.SH,20251027
600857.SH,20250811
600875.SH,20250401
600875.SH,20250414
600875.SH,20250718
600875.SH,20251009
600875.SH,20251110
600875.SH,20251211
600875.SH,20260116
600875.SH,20260305
600875.SH,20260306
600879.SH,20250805
600879.SH,20260109
600879.SH,20260112
600885.SH,20250730
600885.SH,20251016
600885.SH,20251027
600888.SH,20250410
600888.SH,20250721
600888.SH,20251009
600888.SH,20251201
600888.SH,20260325
600888.SH,20260330
600895.SH,20250630
600895.SH,20250924
600895.SH,20260310
600895.SH,20260325
600903.SH,20250521
600903.SH,20260302
600903.SH,20260303
600928.SH,20250829
600939.SH,20250605
600939.SH,20260120
600961.SH,20250307
600961.SH,20251211
600961.SH,20260126
600961.SH,20260224
600961.SH,20260325
600977.SH,20250703
600977.SH,20251104
600977.SH,20251201
600988.SH,20250314
600988.SH,20250411
600988.SH,20250901
600988.SH,20250909
600988.SH,20251009
600988.SH,20251027
600988.SH,20251110
600988.SH,20251222
600988.SH,20260121
600988.SH,20260123
600988.SH,20260126
600988.SH,20260224
600988.SH,20260302
600988.SH,20260325
601022.SH,20250410
601022.SH,20250908
601022.SH,20251225
601022.SH,20260302
601033.SH,20250402
601033.SH,20260105
601059.SH,20250609
601059.SH,20251218
601061.SH,20250410
601061.SH,20250908
601061.SH,20250930
601061.SH,20251009
601061.SH,20260123
601061.SH,20260325
601069.SH,20250314
601069.SH,20250411
601069.SH,20250922
601069.SH,20251009
601069.SH,20251014
601069.SH,20251125
601069.SH,20251222
601069.SH,20260121
601069.SH,20260129
601069.SH,20260224
601069.SH,20260325
601116.SH,20250901
601116.SH,20250910
601116.SH,20250911
601116.SH,20260113
601116.SH,20260114
601116.SH,20260305
601127.SH,20250410
601127.SH,20250930
601127.SH,20251222
601127.SH,20260204
601127.SH,20260209
601138.SH,20250410
601138.SH,20251027
601138.SH,20251029
601138.SH,20251224
601138.SH,20260116
601138.SH,20260310
601138.SH,20260325
601168.SH,20250410
601168.SH,20250626
601168.SH,20250925
601168.SH,20250930
601168.SH,20251009
601168.SH,20251201
601168.SH,20251204
601168.SH,20251222
601168.SH,20251226
601168.SH,20260106
601168.SH,20260126
601168.SH,20260310
601168.SH,20260325
601188.SH,20250624
601208.SH,20250707
601208.SH,20251029
601208.SH,20251120
601208.SH,20251223
601208.SH,20251224
601208.SH,20260310
601212.SH,20250825
601212.SH,20251009
601212.SH,20251017
601212.SH,20251110
601212.SH,20251113
601212.SH,20251201
601212.SH,20251222
601212.SH,20251226
601212.SH,20260112
601212.SH,20260113
601212.SH,20260121
601212.SH,20260123
601212.SH,20260126
601212.SH,20260128
601212.SH,20260129
601212.SH,20260224
601212.SH,20260325
601218.SH,20250425
601218.SH,20260305
601319.SH,20250402
601319.SH,20250829
601319.SH,20251014
601336.SH,20250328
601336.SH,20251014
601336.SH,20251106
601336.SH,20260105
601369.SH,20251201
601399.SH,20250721
601399.SH,20251215
601399.SH,20251219
601399.SH,20260108
601518.SH,20250703
601601.SH,20250410
601601.SH,20251014
601601.SH,20260310
601608.SH,20250324
601608.SH,20251021
601608.SH,20251022
601608.SH,20260109
601608.SH,20260122
601609.SH,20250410
601609.SH,20251027
601609.SH,20251125
601609.SH,20251201
601609.SH,20260325
601609.SH,20260331
601611.SH,20250714
601611.SH,20251009
601611.SH,20251010
601611.SH,20251219
601611.SH,20260108
601611.SH,20260122
601619.SH,20250725
601619.SH,20250926
601619.SH,20260225
601677.SH,20250410
601677.SH,20251009
601677.SH,20251201
601677.SH,20260120
601677.SH,20260305
601677.SH,20260325
601677.SH,20260330
601678.SH,20250430
601678.SH,20251009
601678.SH,20260126
601696.SH,20250711
601696.SH,20251208
601717.SH,20250331
601717.SH,20250708
601717.SH,20251024
601717.SH,20251201
601789.SH,20250825
601789.SH,20251113
601789.SH,20260128
601789.SH,20260309
601789.SH,20260310
601789.SH,20260311
601869.SH,20250410
601869.SH,20250919
601869.SH,20251126
601869.SH,20251218
601869.SH,20260116
601869.SH,20260119
601869.SH,20260128
601869.SH,20260202
601869.SH,20260210
601869.SH,20260310
601869.SH,20260311
601869.SH,20260325
601877.SH,20250312
601877.SH,20250609
601877.SH,20251024
601877.SH,20251106
601877.SH,20260116
601890.SH,20250702
601890.SH,20251208
601899.SH,20250306
601899.SH,20250410
601899.SH,20250925
601899.SH,20250930
601899.SH,20251009
601899.SH,20251201
601899.SH,20251204
601899.SH,20251222
601899.SH,20251226
601899.SH,20260106
601899.SH,20260126
601899.SH,20260209
601899.SH,20260310
601899.SH,20260325
601929.SH,20250312
601929.SH,20260112
601929.SH,20260209
601958.SH,20250410
601958.SH,20250930
601958.SH,20260106
601958.SH,20260126
601958.SH,20260325
601969.SH,20250613
601969.SH,20251229
601969.SH,20260312
601969.SH,20260313
601991.SH,20250721
601991.SH,20260312
601991.SH,20260313
603002.SH,20250619
603002.SH,20260310
603011.SH,20250414
603011.SH,20251009
603011.SH,20251010
603011.SH,20251013
603011.SH,20260325
603020.SH,20250410
603020.SH,20251021
603020.SH,20251222
603020.SH,20260112
603020.SH,20260312
603020.SH,20260325
603026.SH,20250410
603026.SH,20250930
603026.SH,20251014
603026.SH,20251113
603026.SH,20251114
603031.SH,20250410
603031.SH,20251222
603031.SH,20260204
603032.SH,20250312
603032.SH,20260306
603050.SH,20250513
603057.SH,20250723
603057.SH,20260108
603061.SH,20250410
603061.SH,20260106
603061.SH,20260119
603061.SH,20260128
603068.SH,20250625
603068.SH,20251125
603068.SH,20251201
603068.SH,20260112
603068.SH,20260305
603068.SH,20260310
603068.SH,20260325
603070.SH,20250410
603081.SH,20250325
603081.SH,20250411
603081.SH,20250905
603081.SH,20250925
603081.SH,20260310
603081.SH,20260325
603083.SH,20250414
603083.SH,20250915
603083.SH,20250916
603083.SH,20250926
603083.SH,20251021
603083.SH,20251110
603083.SH,20260116
603083.SH,20260310
603083.SH,20260325
603087.SH,20250410
603087.SH,20250924
603087.SH,20251114
603087.SH,20251211
603087.SH,20260325
603087.SH,20260331
603090.SH,20250414
603090.SH,20251113
603090.SH,20260113
603090.SH,20260310
603105.SH,20251106
603105.SH,20260204
603115.SH,20250410
603115.SH,20251029
603115.SH,20260128
603115.SH,20260204
603115.SH,20260225
603115.SH,20260325
603118.SH,20250410
603118.SH,20250925
603118.SH,20251103
603118.SH,20260310
603118.SH,20260311
603118.SH,20260325
603118.SH,20260326
603119.SH,20250317
603119.SH,20250903
603119.SH,20251226
603127.SH,20250410
603127.SH,20251027
603127.SH,20251209
603127.SH,20260330
603132.SH,20250410
603132.SH,20250818
603132.SH,20251009
603132.SH,20251201
603132.SH,20260126
603132.SH,20260127
603132.SH,20260210
603132.SH,20260325
603150.SH,20250410
603151.SH,20250617
603156.SH,20250428
603156.SH,20251231
603161.SH,20250410
603161.SH,20260325
603163.SH,20250825
603163.SH,20250910
603163.SH,20251119
603163.SH,20251223
603163.SH,20251224
603163.SH,20260106
603163.SH,20260115
603163.SH,20260210
603169.SH,20250507
603169.SH,20250723
603169.SH,20251009
603169.SH,20251030
603169.SH,20251103
603169.SH,20251104
603169.SH,20251222
603169.SH,20260109
603177.SH,20250410
603177.SH,20250901
603181.SH,20250410
603181.SH,20251120
603187.SH,20250410
603199.SH,20250916
603199.SH,20251201
603200.SH,20250415
603200.SH,20250908
603200.SH,20260106
603201.SH,20250410
603203.SH,20250901
603203.SH,20250912
603203.SH,20251224
603203.SH,20260209
603203.SH,20260325
603212.SH,20250620
603212.SH,20251119
603212.SH,20260209
603217.SH,20250327
603217.SH,20251014
603217.SH,20260112
603227.SH,20250721
603227.SH,20251009
603228.SH,20250410
603228.SH,20250911
603228.SH,20250912
603228.SH,20251027
603228.SH,20251028
603228.SH,20251029
603228.SH,20251209
603256.SH,20250414
603256.SH,20251029
603256.SH,20260115
603256.SH,20260122
603256.SH,20260211
603256.SH,20260212
603256.SH,20260225
603256.SH,20260325
603259.SH,20250318
603259.SH,20260113
603259.SH,20260205
603259.SH,20260310
603266.SH,20250624
603266.SH,20260325
603267.SH,20250312
603267.SH,20251201
603269.SH,20250410
603269.SH,20250918
603269.SH,20251014
603269.SH,20260107
603275.SH,20250410
603275.SH,20260325
603286.SH,20250804
603286.SH,20251203
603286.SH,20260119
603286.SH,20260120
603286.SH,20260310
603289.SH,20250410
603300.SH,20250305
603300.SH,20250925
603300.SH,20251229
603308.SH,20250410
603308.SH,20260204
603308.SH,20260210
603308.SH,20260325
603312.SH,20250714
603313.SH,20250429
603313.SH,20251020
603316.SH,20250430
603316.SH,20251021
603316.SH,20260305
603353.SH,20250616
603353.SH,20260302
603353.SH,20260303
603359.SH,20250320
603359.SH,20251024
603359.SH,20251229
603360.SH,20250306
603360.SH,20251127
603360.SH,20260119
603360.SH,20260310
603379.SH,20250414
603379.SH,20260325
603396.SH,20251111
603396.SH,20260126
603396.SH,20260128
603456.SH,20250318
603456.SH,20260310
603500.SH,20250410
603500.SH,20260325
603516.SH,20250410
603516.SH,20250801
603516.SH,20251029
603516.SH,20251107
603516.SH,20260310
603519.SH,20250410
603519.SH,20251028
603527.SH,20250410
603527.SH,20251009
603527.SH,20251027
603527.SH,20260209
603527.SH,20260325
603528.SH,20250410
603528.SH,20251208
603528.SH,20260310
603530.SH,20250730
603530.SH,20260202
603530.SH,20260227
603530.SH,20260305
603565.SH,20250401
603588.SH,20250410
603588.SH,20251009
603588.SH,20251010
603588.SH,20251201
603588.SH,20260105
603588.SH,20260108
603588.SH,20260123
603588.SH,20260224
603590.SH,20250710
603590.SH,20260108
603610.SH,20250410
603612.SH,20251110
603612.SH,20260204
603616.SH,20250721
603616.SH,20260120
603616.SH,20260204
603616.SH,20260205
603616.SH,20260206
603617.SH,20250410
603617.SH,20260120
603617.SH,20260305
603618.SH,20250410
603618.SH,20250922
603618.SH,20260116
603618.SH,20260202
603618.SH,20260203
603618.SH,20260204
603618.SH,20260209
603618.SH,20260330
603626.SH,20250410
603626.SH,20251226
603626.SH,20260209
603626.SH,20260325
603655.SH,20250414
603655.SH,20250916
603655.SH,20251113
603657.SH,20250507
603657.SH,20251027
603657.SH,20251222
603657.SH,20260331
603663.SH,20250527
603663.SH,20260128
603663.SH,20260303
603668.SH,20251117
603668.SH,20260204
603682.SH,20251201
603682.SH,20260211
603686.SH,20250624
603686.SH,20250922
603686.SH,20251031
603686.SH,20251209
603686.SH,20260202
603696.SH,20251204
603696.SH,20251208
603696.SH,20251223
603696.SH,20251224
603698.SH,20250911
603698.SH,20251225
603716.SH,20250310
603716.SH,20251027
603716.SH,20260105
603716.SH,20260106
603716.SH,20260123
603716.SH,20260331
603758.SH,20250612
603758.SH,20251201
603778.SH,20250711
603778.SH,20251125
603778.SH,20251126
603778.SH,20251127
603778.SH,20251128
603778.SH,20251201
603778.SH,20260106
603778.SH,20260112
603778.SH,20260204
603778.SH,20260317
603798.SH,20250410
603798.SH,20250922
603798.SH,20251112
603798.SH,20260325
603799.SH,20250410
603799.SH,20250930
603799.SH,20251009
603799.SH,20251222
603799.SH,20260106
603799.SH,20260107
603799.SH,20260126
603799.SH,20260325
603809.SH,20250410
603809.SH,20251208
603809.SH,20260310
603815.SH,20250624
603817.SH,20250721
603817.SH,20260310
603823.SH,20250422
603823.SH,20250605
603823.SH,20251103
603823.SH,20251104
603823.SH,20251125
603823.SH,20260106
603859.SH,20250306
603859.SH,20251208
603859.SH,20251218
603859.SH,20260105
603859.SH,20260112
603867.SH,20250813
603867.SH,20260227
603881.SH,20250625
603881.SH,20250912
603881.SH,20251125
603881.SH,20260123
603881.SH,20260209
603888.SH,20250425
603888.SH,20260112
603888.SH,20260113
603888.SH,20260210
603893.SH,20250625
603893.SH,20251024
603897.SH,20250410
603897.SH,20250908
603897.SH,20260116
603898.SH,20250825
603906.SH,20250410
603906.SH,20251125
603906.SH,20251126
603906.SH,20251203
603906.SH,20251226
603906.SH,20260310
603929.SH,20250402
603929.SH,20250624
603929.SH,20251031
603929.SH,20251103
603929.SH,20251104
603929.SH,20251106
603929.SH,20251223
603929.SH,20260105
603929.SH,20260106
603929.SH,20260128
603929.SH,20260313
603929.SH,20260316
603929.SH,20260325
603936.SH,20250414
603936.SH,20251208
603936.SH,20260311
603938.SH,20250725
603938.SH,20260108
603938.SH,20260109
603938.SH,20260116
603938.SH,20260325
603948.SH,20250410
603948.SH,20250623
603948.SH,20250901
603948.SH,20251113
603949.SH,20250319
603949.SH,20260311
603950.SH,20250625
603950.SH,20250909
603950.SH,20260212
603950.SH,20260227
603950.SH,20260303
603958.SH,20250402
603958.SH,20250904
603958.SH,20251201
603958.SH,20260126
603959.SH,20250415
603959.SH,20251014
603959.SH,20251222
603959.SH,20260209
603966.SH,20250318
603966.SH,20250829
603967.SH,20250708
603967.SH,20251225
603967.SH,20260105
603978.SH,20250624
603978.SH,20251226
603979.SH,20250306
603979.SH,20250410
603979.SH,20250627
603979.SH,20250912
603979.SH,20250925
603979.SH,20251009
603979.SH,20251024
603979.SH,20251027
603979.SH,20251201
603979.SH,20251204
603979.SH,20260106
603979.SH,20260325
603986.SH,20250429
603986.SH,20251009
603986.SH,20251024
603986.SH,20251027
603986.SH,20251106
603986.SH,20251218
603986.SH,20260107
603986.SH,20260128
603986.SH,20260310
603987.SH,20250410
603988.SH,20250616
603988.SH,20251009
603988.SH,20260115
603988.SH,20260325
603989.SH,20250410
603989.SH,20251024
603989.SH,20260325
603993.SH,20250306
603993.SH,20250410
603993.SH,20250912
603993.SH,20250925
603993.SH,20251009
603993.SH,20251024
603993.SH,20251027
603993.SH,20251125
603993.SH,20251201
603993.SH,20251222
603993.SH,20251226
603993.SH,20260106
603993.SH,20260126
603993.SH,20260325
605006.SH,20250410
605006.SH,20250908
605006.SH,20251208
605006.SH,20260212
605006.SH,20260225
605006.SH,20260310
605006.SH,20260325
605020.SH,20250606
605020.SH,20251009
605020.SH,20251027
605028.SH,20250410
605060.SH,20251027
605060.SH,20260210
605069.SH,20250325
605069.SH,20251222
605069.SH,20251230
605088.SH,20250410
605088.SH,20251009
605088.SH,20260317
605118.SH,20250410
605123.SH,20250909
605123.SH,20251208
605123.SH,20251225
605123.SH,20251226
605123.SH,20260109
605123.SH,20260310
605133.SH,20250410
605133.SH,20260210
605136.SH,20251118
605136.SH,20251209
605138.SH,20250410
605167.SH,20250529
605167.SH,20251009
605167.SH,20251222
605167.SH,20260116
605188.SH,20250415
605188.SH,20251022
605189.SH,20250410
605255.SH,20250725
605255.SH,20250825
605255.SH,20250826
605255.SH,20250827
605255.SH,20250828
605255.SH,20250829
605255.SH,20250901
605255.SH,20250902
605255.SH,20250903
605255.SH,20250909
605255.SH,20250910
605255.SH,20250918
605255.SH,20250919
605255.SH,20250922
605255.SH,20250923
605255.SH,20251030
605255.SH,20251105
605255.SH,20251125
605255.SH,20251126
605255.SH,20251225
605255.SH,20251226
605255.SH,20251229
605255.SH,20251230
605277.SH,20250410
605277.SH,20260310
605277.SH,20260317
605277.SH,20260325
605288.SH,20250410
605288.SH,20250901
605288.SH,20250902
605288.SH,20260108
605288.SH,20260112
605289.SH,20250410
605289.SH,20250930
605289.SH,20260224
605289.SH,20260225
605296.SH,20250821
605296.SH,20250908
605298.SH,20250620
605298.SH,20250908
605298.SH,20250909
605298.SH,20251027
605298.SH,20251028
605298.SH,20260305
605299.SH,20250410
605299.SH,20251208
605303.SH,20250310
605303.SH,20250410
605303.SH,20250825
605303.SH,20250916
605303.SH,20260107
605319.SH,20250410
605319.SH,20260325
605337.SH,20251111
605337.SH,20260325
605338.SH,20250519
605376.SH,20250410
605376.SH,20250930
605376.SH,20251125
605376.SH,20251222
605376.SH,20260116
605376.SH,20260119
605376.SH,20260120
605376.SH,20260224
605399.SH,20250711
605588.SH,20250328
605588.SH,20260325
605598.SH,20250721
605598.SH,20251208
605598.SH,20251225
605598.SH,20251226
